emoji,label
ğŸ˜€,positive
ğŸ˜ƒ,positive
ğŸ˜„,positive
ğŸ˜,positive
ğŸ˜†,positive
ğŸ˜…,neutre
ğŸ¤£,positive
ğŸ˜‚,positive
ğŸ™‚,positive
ğŸ™ƒ,neutre
ğŸ˜‰,positive
ğŸ˜Š,positive
ğŸ˜‡,positive
ğŸ¥°,positive
ğŸ˜,positive
ğŸ¤©,positive
ğŸ˜˜,positive
ğŸ˜—,positive
â˜º,positive
ğŸ˜š,positive
ğŸ˜™,positive
ğŸ¥²,neutre
ğŸ˜‹,positive
ğŸ˜›,positive
ğŸ˜œ,positive
ğŸ¤ª,positive
ğŸ˜,positive
ğŸ¤‘,positive
ğŸ¤—,positive
ğŸ¤­,positive
ğŸ¤«,neutre
ğŸ¤”,neutre
ğŸ¤,neutre
ğŸ¤¨,negative
ğŸ˜,neutre
ğŸ˜‘,negative
ğŸ˜¶,negative
ğŸ˜¶â€ğŸŒ«ï¸,neutre
ğŸ˜,neutre
ğŸ˜’,negative
ğŸ™„,negative
ğŸ˜¬,negative
ğŸ˜®â€ğŸ’¨,negative
ğŸ¤¥,negative
ğŸ˜Œ,positive
ğŸ˜”,negative
ğŸ˜ª,negative
ğŸ¤¤,positive
ğŸ˜´,neutre
ğŸ˜·,neutre
ğŸ¤’,negative
ğŸ¤•,negative
ğŸ¤¢,negative
ğŸ¤®,negative
ğŸ¤§,negative
ğŸ¥µ,negative
ğŸ¥¶,negative
ğŸ¥´,negative
ğŸ˜µ,negative
ğŸ˜µâ€ğŸ’«,negative
ğŸ¤¯,negative
ğŸ¤ ,positive
ğŸ¥³,positive
ğŸ¥¸,positive
ğŸ˜,positive
ğŸ¤“,neutre
ğŸ§,neutre
ğŸ˜•,negative
ğŸ˜Ÿ,negative
ğŸ™,negative
â˜¹,negative
ğŸ˜®,neutre
ğŸ˜¯,neutre
ğŸ˜²,neutre
ğŸ˜³,neutre
ğŸ¥º,neutre
ğŸ˜¦,negative
ğŸ˜§,negative
ğŸ˜¨,negative
ğŸ˜°,negative
ğŸ˜¥,negative
ğŸ˜¢,negative
ğŸ˜­,negative
ğŸ˜±,negative
ğŸ˜–,negative
ğŸ˜£,negative
ğŸ˜,negative
ğŸ˜“,negative
ğŸ˜©,negative
ğŸ˜«,negative
ğŸ¥±,negative
ğŸ˜¤,negative
ğŸ˜¡,negative
ğŸ˜ ,negative
ğŸ¤¬,negative
ğŸ˜ˆ,neutre
ğŸ‘¿,negative
ğŸ’€,negative
â˜ ,negative
ğŸ’©,neutre
ğŸ¤¡,negative
ğŸ‘¹,negative
ğŸ‘º,negative
ğŸ‘»,positive
ğŸ‘½,positive
ğŸ‘¾,positive
ğŸ¤–,neutre
ğŸ˜º,positive
ğŸ˜¸,positive
ğŸ˜¹,positive
ğŸ˜»,positive
ğŸ˜¼,neutre
ğŸ˜½,positive
ğŸ™€,negative
ğŸ˜¿,negative
ğŸ˜¾,negative
ğŸ™ˆ,neutre
ğŸ™‰,neutre
ğŸ™Š,neutre
ğŸ’‹,positive
ğŸ’Œ,positive
ğŸ’˜,positive
ğŸ’,positive
ğŸ’–,positive
ğŸ’—,positive
ğŸ’“,positive
ğŸ’,positive
ğŸ’•,positive
ğŸ’Ÿ,positive
â£,positive
ğŸ’”,negative
â¤ï¸â€ğŸ”¥,positive
â¤ï¸â€ğŸ©¹,positive
â¤,positive
ğŸ§¡,positive
ğŸ’›,positive
ğŸ’š,positive
ğŸ’™,positive
ğŸ’œ,positive
ğŸ¤,positive
ğŸ–¤,positive
ğŸ¤,positive
ğŸ’¯,positive
ğŸ’¢,negative
ğŸ’¥,positive
ğŸ’«,positive
ğŸ’¦,neutre
ğŸ’¨,neutre
ğŸ•³,neutre
ğŸ’£,negative
ğŸ’¬,neutre
ğŸ‘ï¸â€ğŸ—¨ï¸,positive
ğŸ—¨,neutre
ğŸ—¯,negative
ğŸ’­,neutre
ğŸ’¤,neutre
ğŸ‘‹,neutre
ğŸ¤š,neutre
ğŸ–,neutre
âœ‹,neutre
ğŸ––,positive
ğŸ‘Œ,neutre
ğŸ¤Œ,neutre
ğŸ¤,neutre
âœŒ,positive
ğŸ¤,positive
ğŸ¤Ÿ,positive
ğŸ¤˜,positive
ğŸ¤™,positive
ğŸ‘ˆ,neutre
ğŸ‘‰,neutre
ğŸ‘†,neutre
ğŸ–•,negative
ğŸ‘‡,neutre
â˜,neutre
ğŸ‘,positive
ğŸ‘,negative
âœŠ,positive
ğŸ‘Š,positive
ğŸ¤›,positive
ğŸ¤œ,positive
ğŸ‘,positive
ğŸ™Œ,positive
ğŸ‘,positive
ğŸ¤²,neutre
ğŸ¤,positive
ğŸ™,positive
âœ,neutre
ğŸ’…,positive
ğŸ¤³,positive
ğŸ’ª,positive
ğŸ¦¾,neutre
ğŸ¦¿,neutre
ğŸ¦µ,neutre
ğŸ¦¶,neutre
ğŸ‘‚,neutre
ğŸ¦»,neutre
ğŸ‘ƒ,neutre
ğŸ§ ,neutre
ğŸ«€,positive
ğŸ«,neutre
ğŸ¦·,neutre
ğŸ¦´,neutre
ğŸ‘€,neutre
ğŸ‘,neutre
ğŸ‘…,neutre
ğŸ‘„,neutre
ğŸ‘¶,positive
ğŸ§’,neutre
ğŸ‘¦,positive
ğŸ‘§,positive
ğŸ§‘,neutre
ğŸ‘±,neutre
ğŸ‘¨,neutre
ğŸ§”,neutre
ğŸ§”â€â™‚ï¸,neutre
ğŸ§”â€â™€ï¸,neutre
ğŸ‘¨â€ğŸ¦°,neutre
ğŸ‘¨â€ğŸ¦±,neutre
ğŸ‘¨â€ğŸ¦³,neutre
ğŸ‘¨â€ğŸ¦²,neutre
ğŸ‘©,neutre
ğŸ‘©â€ğŸ¦°,neutre
ğŸ§‘â€ğŸ¦°,neutre
ğŸ‘©â€ğŸ¦±,neutre
ğŸ§‘â€ğŸ¦±,neutre
ğŸ‘©â€ğŸ¦³,neutre
ğŸ§‘â€ğŸ¦³,neutre
ğŸ‘©â€ğŸ¦²,neutre
ğŸ§‘â€ğŸ¦²,neutre
ğŸ‘±â€â™€ï¸,neutre
ğŸ‘±â€â™‚ï¸,neutre
ğŸ§“,neutre
ğŸ‘´,neutre
ğŸ‘µ,neutre
ğŸ™,negative
ğŸ™â€â™‚ï¸,negative
ğŸ™â€â™€ï¸,negative
ğŸ™,negative
ğŸ™â€â™‚ï¸,negative
ğŸ™â€â™€ï¸,negative
ğŸ™…,negative
ğŸ™…â€â™‚ï¸,negative
ğŸ™…â€â™€ï¸,negative
ğŸ™†,positive
ğŸ™†â€â™‚ï¸,positive
ğŸ™†â€â™€ï¸,positive
ğŸ’,positive
ğŸ’â€â™‚ï¸,neutre
ğŸ’â€â™€ï¸,positive
ğŸ™‹,positive
ğŸ™‹â€â™‚ï¸,positive
ğŸ™‹â€â™€ï¸,positive
ğŸ§,neutre
ğŸ§â€â™‚ï¸,neutre
ğŸ§â€â™€ï¸,neutre
ğŸ™‡,neutre
ğŸ™‡â€â™‚ï¸,neutre
ğŸ™‡â€â™€ï¸,neutre
ğŸ¤¦,negative
ğŸ¤¦â€â™‚ï¸,negative
ğŸ¤¦â€â™€ï¸,negative
ğŸ¤·,neutre
ğŸ¤·â€â™‚ï¸,neutre
ğŸ¤·â€â™€ï¸,neutre
ğŸ§‘â€âš•ï¸,positive
ğŸ‘¨â€âš•ï¸,positive
ğŸ‘©â€âš•ï¸,positive
ğŸ§‘â€ğŸ“,positive
ğŸ‘¨â€ğŸ“,positive
ğŸ‘©â€ğŸ“,positive
ğŸ§‘â€ğŸ«,positive
ğŸ‘¨â€ğŸ«,positive
ğŸ‘©â€ğŸ«,positive
ğŸ§‘â€âš–ï¸,neutre
ğŸ‘¨â€âš–ï¸,neutre
ğŸ‘©â€âš–ï¸,neutre
ğŸ§‘â€ğŸŒ¾,positive
ğŸ‘¨â€ğŸŒ¾,positive
ğŸ‘©â€ğŸŒ¾,positive
ğŸ§‘â€ğŸ³,positive
ğŸ‘¨â€ğŸ³,positive
ğŸ‘©â€ğŸ³,positive
ğŸ§‘â€ğŸ”§,neutre
ğŸ‘¨â€ğŸ”§,neutre
ğŸ‘©â€ğŸ”§,positive
ğŸ§‘â€ğŸ­,neutre
ğŸ‘¨â€ğŸ­,neutre
ğŸ‘©â€ğŸ­,neutre
ğŸ§‘â€ğŸ’¼,neutre
ğŸ‘¨â€ğŸ’¼,neutre
ğŸ‘©â€ğŸ’¼,neutre
ğŸ§‘â€ğŸ”¬,positive
ğŸ‘¨â€ğŸ”¬,positive
ğŸ‘©â€ğŸ”¬,positive
ğŸ§‘â€ğŸ’»,neutre
ğŸ‘¨â€ğŸ’»,neutre
ğŸ‘©â€ğŸ’»,positive
ğŸ§‘â€ğŸ¤,positive
ğŸ‘¨â€ğŸ¤,positive
ğŸ‘©â€ğŸ¤,positive
ğŸ§‘â€ğŸ¨,positive
ğŸ‘¨â€ğŸ¨,positive
ğŸ‘©â€ğŸ¨,positive
ğŸ§‘â€âœˆï¸,neutre
ğŸ‘¨â€âœˆï¸,positive
ğŸ‘©â€âœˆï¸,positive
ğŸ§‘â€ğŸš€,positive
ğŸ‘¨â€ğŸš€,positive
ğŸ‘©â€ğŸš€,positive
ğŸ§‘â€ğŸš’,positive
ğŸ‘¨â€ğŸš’,positive
ğŸ‘©â€ğŸš’,positive
ğŸ‘®,neutre
ğŸ‘®â€â™‚ï¸,neutre
ğŸ‘®â€â™€ï¸,neutre
ğŸ•µ,neutre
ğŸ•µï¸â€â™‚ï¸,neutre
ğŸ•µï¸â€â™€ï¸,neutre
ğŸ’‚,neutre
ğŸ’‚â€â™‚ï¸,neutre
ğŸ’‚â€â™€ï¸,neutre
ğŸ¥·,neutre
ğŸ‘·,neutre
ğŸ‘·â€â™‚ï¸,neutre
ğŸ‘·â€â™€ï¸,neutre
ğŸ¤´,positive
ğŸ‘¸,positive
ğŸ‘³,neutre
ğŸ‘³â€â™‚ï¸,neutre
ğŸ‘³â€â™€ï¸,neutre
ğŸ‘²,neutre
ğŸ§•,neutre
ğŸ¤µ,neutre
ğŸ¤µâ€â™‚ï¸,neutre
ğŸ¤µâ€â™€ï¸,neutre
ğŸ‘°,positive
ğŸ‘°â€â™‚ï¸,positive
ğŸ‘°â€â™€ï¸,positive
ğŸ¤°,positive
ğŸ¤±,positive
ğŸ‘©â€ğŸ¼,positive
ğŸ‘¨â€ğŸ¼,positive
ğŸ§‘â€ğŸ¼,positive
ğŸ‘¼,positive
ğŸ…,positive
ğŸ¤¶,positive
ğŸ§‘â€ğŸ„,positive
ğŸ¦¸,positive
ğŸ¦¸â€â™‚ï¸,positive
ğŸ¦¸â€â™€ï¸,positive
ğŸ¦¹,negative
ğŸ¦¹â€â™‚ï¸,negative
ğŸ¦¹â€â™€ï¸,negative
ğŸ§™,neutre
ğŸ§™â€â™‚ï¸,neutre
ğŸ§™â€â™€ï¸,neutre
ğŸ§š,positive
ğŸ§šâ€â™‚ï¸,positive
ğŸ§šâ€â™€ï¸,positive
ğŸ§›,neutre
ğŸ§›â€â™‚ï¸,neutre
ğŸ§›â€â™€ï¸,neutre
ğŸ§œ,neutre
ğŸ§œâ€â™‚ï¸,positive
ğŸ§œâ€â™€ï¸,positive
ğŸ§,neutre
ğŸ§â€â™‚ï¸,neutre
ğŸ§â€â™€ï¸,neutre
ğŸ§,positive
ğŸ§â€â™‚ï¸,positive
ğŸ§â€â™€ï¸,neutre
ğŸ§Ÿ,negative
ğŸ§Ÿâ€â™‚ï¸,negative
ğŸ§Ÿâ€â™€ï¸,neutre
ğŸ’†,positive
ğŸ’†â€â™‚ï¸,positive
ğŸ’†â€â™€ï¸,positive
ğŸ’‡,positive
ğŸ’‡â€â™‚ï¸,positive
ğŸ’‡â€â™€ï¸,positive
ğŸš¶,positive
ğŸš¶â€â™‚ï¸,neutre
ğŸš¶â€â™€ï¸,neutre
ğŸ§,neutre
ğŸ§â€â™‚ï¸,neutre
ğŸ§â€â™€ï¸,neutre
ğŸ§,neutre
ğŸ§â€â™‚ï¸,neutre
ğŸ§â€â™€ï¸,neutre
ğŸ§‘â€ğŸ¦¯,neutre
ğŸ‘¨â€ğŸ¦¯,neutre
ğŸ‘©â€ğŸ¦¯,neutre
ğŸ§‘â€ğŸ¦¼,neutre
ğŸ‘¨â€ğŸ¦¼,neutre
ğŸ‘©â€ğŸ¦¼,neutre
ğŸ§‘â€ğŸ¦½,neutre
ğŸ‘¨â€ğŸ¦½,neutre
ğŸ‘©â€ğŸ¦½,neutre
ğŸƒ,positive
ğŸƒâ€â™‚ï¸,positive
ğŸƒâ€â™€ï¸,positive
ğŸ’ƒ,positive
ğŸ•º,positive
ğŸ•´,neutre
ğŸ‘¯,positive
ğŸ‘¯â€â™‚ï¸,positive
ğŸ‘¯â€â™€ï¸,positive
ğŸ§–,positive
ğŸ§–â€â™‚ï¸,positive
ğŸ§–â€â™€ï¸,positive
ğŸ§—,positive
ğŸ§—â€â™‚ï¸,positive
ğŸ§—â€â™€ï¸,positive
ğŸ¤º,neutre
ğŸ‡,positive
â›·,positive
ğŸ‚,positive
ğŸŒ,positive
ğŸŒï¸â€â™‚ï¸,neutre
ğŸŒï¸â€â™€ï¸,neutre
ğŸ„,positive
ğŸ„â€â™‚ï¸,positive
ğŸ„â€â™€ï¸,positive
ğŸš£,positive
ğŸš£â€â™‚ï¸,positive
ğŸš£â€â™€ï¸,positive
ğŸŠ,positive
ğŸŠâ€â™‚ï¸,positive
ğŸŠâ€â™€ï¸,positive
â›¹,positive
â›¹ï¸â€â™‚ï¸,positive
â›¹ï¸â€â™€ï¸,positive
ğŸ‹,positive
ğŸ‹ï¸â€â™‚ï¸,positive
ğŸ‹ï¸â€â™€ï¸,positive
ğŸš´,positive
ğŸš´â€â™‚ï¸,positive
ğŸš´â€â™€ï¸,positive
ğŸšµ,positive
ğŸšµâ€â™‚ï¸,positive
ğŸšµâ€â™€ï¸,positive
ğŸ¤¸,neutre
ğŸ¤¸â€â™‚ï¸,positive
ğŸ¤¸â€â™€ï¸,positive
ğŸ¤¼,neutre
ğŸ¤¼â€â™‚ï¸,neutre
ğŸ¤¼â€â™€ï¸,neutre
ğŸ¤½,positive
ğŸ¤½â€â™‚ï¸,positive
ğŸ¤½â€â™€ï¸,positive
ğŸ¤¾,positive
ğŸ¤¾â€â™‚ï¸,positive
ğŸ¤¾â€â™€ï¸,positive
ğŸ¤¹,positive
ğŸ¤¹â€â™‚ï¸,positive
ğŸ¤¹â€â™€ï¸,positive
ğŸ§˜,positive
ğŸ§˜â€â™‚ï¸,positive
ğŸ§˜â€â™€ï¸,positive
ğŸ›€,positive
ğŸ›Œ,positive
ğŸ§‘â€ğŸ¤â€ğŸ§‘,positive
ğŸ‘­,positive
ğŸ‘«,positive
ğŸ‘¬,positive
ğŸ’,positive
ğŸ‘©â€â¤ï¸â€ğŸ’‹â€ğŸ‘¨,positive
ğŸ‘¨â€â¤ï¸â€ğŸ’‹â€ğŸ‘¨,positive
ğŸ‘©â€â¤ï¸â€ğŸ’‹â€ğŸ‘©,positive
ğŸ’‘,positive
ğŸ‘©â€â¤ï¸â€ğŸ‘¨,positive
ğŸ‘¨â€â¤ï¸â€ğŸ‘¨,positive
ğŸ‘©â€â¤ï¸â€ğŸ‘©,positive
ğŸ‘ª,positive
ğŸ‘¨â€ğŸ‘©â€ğŸ‘¦,positive
ğŸ‘¨â€ğŸ‘©â€ğŸ‘§,positive
ğŸ‘¨â€ğŸ‘©â€ğŸ‘§â€ğŸ‘¦,positive
ğŸ‘¨â€ğŸ‘©â€ğŸ‘¦â€ğŸ‘¦,positive
ğŸ‘¨â€ğŸ‘©â€ğŸ‘§â€ğŸ‘§,positive
ğŸ‘¨â€ğŸ‘¨â€ğŸ‘¦,positive
ğŸ‘¨â€ğŸ‘¨â€ğŸ‘§,positive
ğŸ‘¨â€ğŸ‘¨â€ğŸ‘§â€ğŸ‘¦,positive
ğŸ‘¨â€ğŸ‘¨â€ğŸ‘¦â€ğŸ‘¦,positive
ğŸ‘¨â€ğŸ‘¨â€ğŸ‘§â€ğŸ‘§,positive
ğŸ‘©â€ğŸ‘©â€ğŸ‘¦,positive
ğŸ‘©â€ğŸ‘©â€ğŸ‘§,positive
ğŸ‘©â€ğŸ‘©â€ğŸ‘§â€ğŸ‘¦,positive
ğŸ‘©â€ğŸ‘©â€ğŸ‘¦â€ğŸ‘¦,positive
ğŸ‘©â€ğŸ‘©â€ğŸ‘§â€ğŸ‘§,positive
ğŸ‘¨â€ğŸ‘¦,positive
ğŸ‘¨â€ğŸ‘¦â€ğŸ‘¦,positive
ğŸ‘¨â€ğŸ‘§,positive
ğŸ‘¨â€ğŸ‘§â€ğŸ‘¦,positive
ğŸ‘¨â€ğŸ‘§â€ğŸ‘§,positive
ğŸ‘©â€ğŸ‘¦,positive
ğŸ‘©â€ğŸ‘¦â€ğŸ‘¦,positive
ğŸ‘©â€ğŸ‘§,positive
ğŸ‘©â€ğŸ‘§â€ğŸ‘¦,positive
ğŸ‘©â€ğŸ‘§â€ğŸ‘§,positive
ğŸ—£,neutre
ğŸ‘¤,neutre
ğŸ‘¥,neutre
ğŸ«‚,positive
ğŸ‘£,neutre
ğŸ¦°,neutre
ğŸ¦±,neutre
ğŸ¦³,neutre
ğŸ¦²,neutre
ğŸµ,neutre
ğŸ’,negative
ğŸ¦,neutre
ğŸ¦§,negative
ğŸ¶,positive
ğŸ•,positive
ğŸ¦®,positive
ğŸ•â€ğŸ¦º,positive
ğŸ©,positive
ğŸº,neutre
ğŸ¦Š,positive
ğŸ¦,neutre
ğŸ±,positive
ğŸˆ,positive
ğŸˆâ€â¬›,neutre
ğŸ¦,positive
ğŸ¯,positive
ğŸ…,neutre
ğŸ†,neutre
ğŸ´,neutre
ğŸ,positive
ğŸ¦„,positive
ğŸ¦“,neutre
ğŸ¦Œ,positive
ğŸ¦¬,neutre
ğŸ®,positive
ğŸ‚,neutre
ğŸƒ,neutre
ğŸ„,neutre
ğŸ·,positive
ğŸ–,neutre
ğŸ—,neutre
ğŸ½,neutre
ğŸ,positive
ğŸ‘,neutre
ğŸ,positive
ğŸª,neutre
ğŸ«,neutre
ğŸ¦™,neutre
ğŸ¦’,positive
ğŸ˜,positive
ğŸ¦£,neutre
ğŸ¦,neutre
ğŸ¦›,neutre
ğŸ­,positive
ğŸ,neutre
ğŸ€,neutre
ğŸ¹,positive
ğŸ°,positive
ğŸ‡,positive
ğŸ¿,positive
ğŸ¦«,neutre
ğŸ¦”,positive
ğŸ¦‡,neutre
ğŸ»,positive
ğŸ»â€â„ï¸,neutre
ğŸ¨,positive
ğŸ¼,positive
ğŸ¦¥,neutre
ğŸ¦¦,positive
ğŸ¦¨,negative
ğŸ¦˜,positive
ğŸ¦¡,neutre
ğŸ¾,positive
ğŸ¦ƒ,positive
ğŸ”,neutre
ğŸ“,neutre
ğŸ£,positive
ğŸ¤,positive
ğŸ¥,positive
ğŸ¦,positive
ğŸ§,positive
ğŸ•Š,positive
ğŸ¦…,positive
ğŸ¦†,positive
ğŸ¦¢,positive
ğŸ¦‰,neutre
ğŸ¦¤,neutre
ğŸª¶,neutre
ğŸ¦©,positive
ğŸ¦š,positive
ğŸ¦œ,positive
ğŸ¸,neutre
ğŸŠ,neutre
ğŸ¢,neutre
ğŸ¦,neutre
ğŸ,neutre
ğŸ²,positive
ğŸ‰,neutre
ğŸ¦•,positive
ğŸ¦–,neutre
ğŸ³,positive
ğŸ‹,neutre
ğŸ¬,positive
ğŸ¦­,positive
ğŸŸ,neutre
ğŸ ,positive
ğŸ¡,neutre
ğŸ¦ˆ,neutre
ğŸ™,neutre
ğŸš,positive
ğŸŒ,neutre
ğŸ¦‹,positive
ğŸ›,positive
ğŸœ,neutre
ğŸ,positive
ğŸª²,neutre
ğŸ,positive
ğŸ¦—,neutre
ğŸª³,negative
ğŸ•·,neutre
ğŸ•¸,neutre
ğŸ¦‚,negative
ğŸ¦Ÿ,negative
ğŸª°,negative
ğŸª±,neutre
ğŸ¦ ,negative
ğŸ’,positive
ğŸŒ¸,positive
ğŸ’®,positive
ğŸµ,positive
ğŸŒ¹,positive
ğŸ¥€,negative
ğŸŒº,positive
ğŸŒ»,positive
ğŸŒ¼,positive
ğŸŒ·,positive
ğŸŒ±,positive
ğŸª´,positive
ğŸŒ²,positive
ğŸŒ³,positive
ğŸŒ´,positive
ğŸŒµ,neutre
ğŸŒ¾,neutre
ğŸŒ¿,neutre
â˜˜,positive
ğŸ€,positive
ğŸ,positive
ğŸ‚,neutre
ğŸƒ,positive
ğŸ‡,positive
ğŸˆ,positive
ğŸ‰,positive
ğŸŠ,positive
ğŸ‹,neutre
ğŸŒ,positive
ğŸ,positive
ğŸ¥­,positive
ğŸ,positive
ğŸ,positive
ğŸ,neutre
ğŸ‘,positive
ğŸ’,positive
ğŸ“,positive
ğŸ«,positive
ğŸ¥,positive
ğŸ…,neutre
ğŸ«’,positive
ğŸ¥¥,neutre
ğŸ¥‘,positive
ğŸ†,neutre
ğŸ¥”,neutre
ğŸ¥•,positive
ğŸŒ½,neutre
ğŸŒ¶,positive
ğŸ«‘,neutre
ğŸ¥’,neutre
ğŸ¥¬,neutre
ğŸ¥¦,neutre
ğŸ§„,neutre
ğŸ§…,neutre
ğŸ„,neutre
ğŸ¥œ,neutre
ğŸŒ°,positive
ğŸ,positive
ğŸ¥,positive
ğŸ¥–,positive
ğŸ«“,positive
ğŸ¥¨,positive
ğŸ¥¯,positive
ğŸ¥,positive
ğŸ§‡,positive
ğŸ§€,positive
ğŸ–,positive
ğŸ—,positive
ğŸ¥©,neutre
ğŸ¥“,positive
ğŸ”,positive
ğŸŸ,positive
ğŸ•,positive
ğŸŒ­,positive
ğŸ¥ª,positive
ğŸŒ®,positive
ğŸŒ¯,positive
ğŸ«”,neutre
ğŸ¥™,positive
ğŸ§†,positive
ğŸ¥š,neutre
ğŸ³,positive
ğŸ¥˜,positive
ğŸ²,positive
ğŸ«•,positive
ğŸ¥£,neutre
ğŸ¥—,positive
ğŸ¿,positive
ğŸ§ˆ,neutre
ğŸ§‚,neutre
ğŸ¥«,neutre
ğŸ±,positive
ğŸ˜,positive
ğŸ™,neutre
ğŸš,neutre
ğŸ›,positive
ğŸœ,positive
ğŸ,positive
ğŸ ,positive
ğŸ¢,positive
ğŸ£,positive
ğŸ¤,positive
ğŸ¥,positive
ğŸ¥®,positive
ğŸ¡,positive
ğŸ¥Ÿ,positive
ğŸ¥ ,positive
ğŸ¥¡,neutre
ğŸ¦€,neutre
ğŸ¦,neutre
ğŸ¦,neutre
ğŸ¦‘,neutre
ğŸ¦ª,positive
ğŸ¦,positive
ğŸ§,positive
ğŸ¨,positive
ğŸ©,positive
ğŸª,positive
ğŸ‚,positive
ğŸ°,positive
ğŸ§,positive
ğŸ¥§,positive
ğŸ«,positive
ğŸ¬,positive
ğŸ­,positive
ğŸ®,positive
ğŸ¯,positive
ğŸ¼,positive
ğŸ¥›,positive
â˜•,neutre
ğŸ«–,neutre
ğŸµ,positive
ğŸ¶,neutre
ğŸ¾,positive
ğŸ·,positive
ğŸ¸,positive
ğŸ¹,positive
ğŸº,positive
ğŸ»,positive
ğŸ¥‚,positive
ğŸ¥ƒ,neutre
ğŸ¥¤,neutre
ğŸ§‹,positive
ğŸ§ƒ,positive
ğŸ§‰,positive
ğŸ§Š,neutre
ğŸ¥¢,positive
ğŸ½,positive
ğŸ´,positive
ğŸ¥„,neutre
ğŸ”ª,neutre
ğŸº,neutre
ğŸŒ,neutre
ğŸŒ,neutre
ğŸŒ,neutre
ğŸŒ,neutre
ğŸ—º,positive
ğŸ—¾,neutre
ğŸ§­,neutre
ğŸ”,neutre
â›°,neutre
ğŸŒ‹,negative
ğŸ—»,positive
ğŸ•,positive
ğŸ–,positive
ğŸœ,neutre
ğŸ,positive
ğŸ,positive
ğŸŸ,neutre
ğŸ›,neutre
ğŸ—,neutre
ğŸ§±,neutre
ğŸª¨,neutre
ğŸªµ,neutre
ğŸ›–,neutre
ğŸ˜,neutre
ğŸš,negative
ğŸ ,positive
ğŸ¡,positive
ğŸ¢,neutre
ğŸ£,neutre
ğŸ¤,neutre
ğŸ¥,neutre
ğŸ¦,neutre
ğŸ¨,neutre
ğŸ©,positive
ğŸª,positive
ğŸ«,neutre
ğŸ¬,neutre
ğŸ­,negative
ğŸ¯,neutre
ğŸ°,neutre
ğŸ’’,positive
ğŸ—¼,neutre
ğŸ—½,positive
â›ª,positive
ğŸ•Œ,neutre
ğŸ›•,positive
ğŸ•,neutre
â›©,positive
ğŸ•‹,neutre
â›²,positive
â›º,positive
ğŸŒ,neutre
ğŸŒƒ,neutre
ğŸ™,neutre
ğŸŒ„,positive
ğŸŒ…,positive
ğŸŒ†,positive
ğŸŒ‡,positive
ğŸŒ‰,neutre
â™¨,positive
ğŸ ,positive
ğŸ¡,positive
ğŸ¢,positive
ğŸ’ˆ,neutre
ğŸª,positive
ğŸš‚,neutre
ğŸšƒ,neutre
ğŸš„,neutre
ğŸš…,positive
ğŸš†,neutre
ğŸš‡,neutre
ğŸšˆ,neutre
ğŸš‰,neutre
ğŸšŠ,neutre
ğŸš,positive
ğŸš,neutre
ğŸš‹,neutre
ğŸšŒ,neutre
ğŸš,neutre
ğŸš,neutre
ğŸš,neutre
ğŸš‘,neutre
ğŸš’,neutre
ğŸš“,neutre
ğŸš”,neutre
ğŸš•,neutre
ğŸš–,neutre
ğŸš—,neutre
ğŸš˜,neutre
ğŸš™,neutre
ğŸ›»,neutre
ğŸšš,neutre
ğŸš›,neutre
ğŸšœ,neutre
ğŸ,positive
ğŸ,positive
ğŸ›µ,positive
ğŸ¦½,neutre
ğŸ¦¼,neutre
ğŸ›º,neutre
ğŸš²,positive
ğŸ›´,neutre
ğŸ›¹,positive
ğŸ›¼,positive
ğŸš,neutre
ğŸ›£,neutre
ğŸ›¤,neutre
ğŸ›¢,neutre
â›½,neutre
ğŸš¨,negative
ğŸš¥,neutre
ğŸš¦,neutre
ğŸ›‘,neutre
ğŸš§,neutre
âš“,neutre
â›µ,positive
ğŸ›¶,positive
ğŸš¤,positive
ğŸ›³,positive
â›´,neutre
ğŸ›¥,positive
ğŸš¢,positive
âœˆ,positive
ğŸ›©,positive
ğŸ›«,positive
ğŸ›¬,neutre
ğŸª‚,positive
ğŸ’º,neutre
ğŸš,neutre
ğŸšŸ,neutre
ğŸš ,neutre
ğŸš¡,neutre
ğŸ›°,neutre
ğŸš€,positive
ğŸ›¸,neutre
ğŸ›,neutre
ğŸ§³,positive
âŒ›,neutre
â³,neutre
âŒš,neutre
â°,neutre
â±,neutre
â²,neutre
ğŸ•°,neutre
ğŸ•›,neutre
ğŸ•§,neutre
ğŸ•,neutre
ğŸ•œ,neutre
ğŸ•‘,neutre
ğŸ•,neutre
ğŸ•’,neutre
ğŸ•,neutre
ğŸ•“,neutre
ğŸ•Ÿ,neutre
ğŸ•”,neutre
ğŸ• ,neutre
ğŸ••,neutre
ğŸ•¡,neutre
ğŸ•–,neutre
ğŸ•¢,neutre
ğŸ•—,neutre
ğŸ•£,neutre
ğŸ•˜,neutre
ğŸ•¤,neutre
ğŸ•™,neutre
ğŸ•¥,neutre
ğŸ•š,neutre
ğŸ•¦,neutre
ğŸŒ‘,neutre
ğŸŒ’,neutre
ğŸŒ“,neutre
ğŸŒ”,positive
ğŸŒ•,positive
ğŸŒ–,neutre
ğŸŒ—,neutre
ğŸŒ˜,neutre
ğŸŒ™,positive
ğŸŒš,neutre
ğŸŒ›,positive
ğŸŒœ,positive
ğŸŒ¡,neutre
â˜€,positive
ğŸŒ,positive
ğŸŒ,positive
ğŸª,neutre
â­,positive
ğŸŒŸ,positive
ğŸŒ ,positive
ğŸŒŒ,positive
â˜,neutre
â›…,positive
â›ˆ,negative
ğŸŒ¤,positive
ğŸŒ¥,neutre
ğŸŒ¦,neutre
ğŸŒ§,neutre
ğŸŒ¨,neutre
ğŸŒ©,negative
ğŸŒª,negative
ğŸŒ«,neutre
ğŸŒ¬,neutre
ğŸŒ€,neutre
ğŸŒˆ,positive
ğŸŒ‚,neutre
â˜‚,neutre
â˜”,neutre
â›±,positive
âš¡,neutre
â„,neutre
â˜ƒ,positive
â›„,positive
â˜„,neutre
ğŸ”¥,positive
ğŸ’§,neutre
ğŸŒŠ,positive
ğŸƒ,neutre
ğŸ„,positive
ğŸ†,positive
ğŸ‡,positive
ğŸ§¨,positive
âœ¨,positive
ğŸˆ,positive
ğŸ‰,positive
ğŸŠ,positive
ğŸ‹,positive
ğŸ,positive
ğŸ,positive
ğŸ,positive
ğŸ,positive
ğŸ‘,positive
ğŸ§§,positive
ğŸ€,positive
ğŸ,positive
ğŸ—,neutre
ğŸŸ,positive
ğŸ«,positive
ğŸ–,positive
ğŸ†,positive
ğŸ…,positive
ğŸ¥‡,positive
ğŸ¥ˆ,positive
ğŸ¥‰,positive
âš½,positive
âš¾,neutre
ğŸ¥,neutre
ğŸ€,positive
ğŸ,positive
ğŸˆ,neutre
ğŸ‰,neutre
ğŸ¾,neutre
ğŸ¥,positive
ğŸ³,positive
ğŸ,neutre
ğŸ‘,neutre
ğŸ’,neutre
ğŸ¥,neutre
ğŸ“,positive
ğŸ¸,positive
ğŸ¥Š,neutre
ğŸ¥‹,neutre
ğŸ¥…,neutre
â›³,neutre
â›¸,neutre
ğŸ£,positive
ğŸ¤¿,positive
ğŸ½,neutre
ğŸ¿,positive
ğŸ›·,positive
ğŸ¥Œ,neutre
ğŸ¯,positive
ğŸª€,positive
ğŸª,positive
ğŸ±,neutre
ğŸ”®,neutre
ğŸª„,positive
ğŸ§¿,positive
ğŸ®,positive
ğŸ•¹,positive
ğŸ°,positive
ğŸ²,neutre
ğŸ§©,neutre
ğŸ§¸,positive
ğŸª…,positive
ğŸª†,positive
â™ ,neutre
â™¥,positive
â™¦,neutre
â™£,neutre
â™Ÿ,neutre
ğŸƒ,neutre
ğŸ€„,neutre
ğŸ´,neutre
ğŸ­,neutre
ğŸ–¼,positive
ğŸ¨,positive
ğŸ§µ,neutre
ğŸª¡,neutre
ğŸ§¶,positive
ğŸ‘“,neutre
ğŸ•¶,positive
ğŸ¥½,neutre
ğŸ¥¼,neutre
ğŸ¦º,positive
ğŸ‘”,neutre
ğŸ‘•,neutre
ğŸ‘–,neutre
ğŸ§£,neutre
ğŸ§¤,neutre
ğŸ§¥,neutre
ğŸ§¦,neutre
ğŸ‘—,positive
ğŸ‘˜,neutre
ğŸ¥»,positive
ğŸ©±,positive
ğŸ©²,neutre
ğŸ©³,neutre
ğŸ‘™,positive
ğŸ‘š,neutre
ğŸ‘›,neutre
ğŸ‘œ,neutre
ğŸ‘,neutre
ğŸ›,positive
ğŸ’,positive
ğŸ©´,positive
ğŸ‘,neutre
ğŸ‘Ÿ,positive
ğŸ¥¾,neutre
ğŸ¥¿,neutre
ğŸ‘ ,positive
ğŸ‘¡,positive
ğŸ©°,positive
ğŸ‘¢,neutre
ğŸ‘‘,positive
ğŸ‘’,positive
ğŸ©,positive
ğŸ“,positive
ğŸ§¢,negative
ğŸª–,neutre
â›‘,positive
ğŸ“¿,neutre
ğŸ’„,positive
ğŸ’,positive
ğŸ’,positive
ğŸ”‡,neutre
ğŸ”ˆ,neutre
ğŸ”‰,neutre
ğŸ”Š,neutre
ğŸ“¢,neutre
ğŸ“£,neutre
ğŸ“¯,neutre
ğŸ””,neutre
ğŸ”•,neutre
ğŸ¼,positive
ğŸµ,positive
ğŸ¶,positive
ğŸ™,neutre
ğŸš,neutre
ğŸ›,neutre
ğŸ¤,positive
ğŸ§,positive
ğŸ“»,positive
ğŸ·,positive
ğŸª—,positive
ğŸ¸,positive
ğŸ¹,positive
ğŸº,positive
ğŸ»,neutre
ğŸª•,positive
ğŸ¥,positive
ğŸª˜,positive
ğŸ“±,neutre
ğŸ“²,neutre
â˜,neutre
ğŸ“,neutre
ğŸ“Ÿ,neutre
ğŸ“ ,neutre
ğŸ”‹,neutre
ğŸ”Œ,neutre
ğŸ’»,neutre
ğŸ–¥,neutre
ğŸ–¨,neutre
âŒ¨,neutre
ğŸ–±,neutre
ğŸ–²,neutre
ğŸ’½,neutre
ğŸ’¾,neutre
ğŸ’¿,neutre
ğŸ“€,neutre
ğŸ§®,neutre
ğŸ¥,positive
ğŸ,neutre
ğŸ“½,neutre
ğŸ¬,positive
ğŸ“º,neutre
ğŸ“·,neutre
ğŸ“¸,positive
ğŸ“¹,neutre
ğŸ“¼,neutre
ğŸ”,neutre
ğŸ”,neutre
ğŸ•¯,neutre
ğŸ’¡,positive
ğŸ”¦,neutre
ğŸ®,positive
ğŸª”,positive
ğŸ“”,neutre
ğŸ“•,positive
ğŸ“–,positive
ğŸ“—,neutre
ğŸ“˜,neutre
ğŸ“™,neutre
ğŸ“š,positive
ğŸ““,neutre
ğŸ“’,neutre
ğŸ“ƒ,neutre
ğŸ“œ,neutre
ğŸ“„,neutre
ğŸ“°,neutre
ğŸ—,neutre
ğŸ“‘,neutre
ğŸ”–,neutre
ğŸ·,neutre
ğŸ’°,positive
ğŸª™,neutre
ğŸ’´,positive
ğŸ’µ,positive
ğŸ’¶,positive
ğŸ’·,positive
ğŸ’¸,positive
ğŸ’³,neutre
ğŸ§¾,neutre
ğŸ’¹,positive
âœ‰,neutre
ğŸ“§,neutre
ğŸ“¨,neutre
ğŸ“©,neutre
ğŸ“¤,neutre
ğŸ“¥,neutre
ğŸ“¦,neutre
ğŸ“«,neutre
ğŸ“ª,neutre
ğŸ“¬,positive
ğŸ“­,neutre
ğŸ“®,neutre
ğŸ—³,neutre
âœ,neutre
âœ’,neutre
ğŸ–‹,neutre
ğŸ–Š,neutre
ğŸ–Œ,positive
ğŸ–,positive
ğŸ“,positive
ğŸ’¼,neutre
ğŸ“,neutre
ğŸ“‚,neutre
ğŸ—‚,neutre
ğŸ“…,neutre
ğŸ“†,neutre
ğŸ—’,neutre
ğŸ—“,neutre
ğŸ“‡,neutre
ğŸ“ˆ,positive
ğŸ“‰,negative
ğŸ“Š,neutre
ğŸ“‹,neutre
ğŸ“Œ,neutre
ğŸ“,neutre
ğŸ“,neutre
ğŸ–‡,neutre
ğŸ“,neutre
ğŸ“,neutre
âœ‚,neutre
ğŸ—ƒ,neutre
ğŸ—„,neutre
ğŸ—‘,neutre
ğŸ”’,neutre
ğŸ”“,neutre
ğŸ”,neutre
ğŸ”,neutre
ğŸ”‘,positive
ğŸ—,positive
ğŸ”¨,neutre
ğŸª“,neutre
â›,neutre
âš’,neutre
ğŸ› ,neutre
ğŸ—¡,negative
âš”,negative
ğŸ”«,neutre
ğŸªƒ,neutre
ğŸ¹,neutre
ğŸ›¡,neutre
ğŸªš,neutre
ğŸ”§,neutre
ğŸª›,neutre
ğŸ”©,neutre
âš™,neutre
ğŸ—œ,neutre
âš–,neutre
ğŸ¦¯,neutre
ğŸ”—,neutre
â›“,neutre
ğŸª,neutre
ğŸ§°,neutre
ğŸ§²,neutre
ğŸªœ,neutre
âš—,neutre
ğŸ§ª,neutre
ğŸ§«,neutre
ğŸ§¬,positive
ğŸ”¬,neutre
ğŸ”­,positive
ğŸ“¡,neutre
ğŸ’‰,neutre
ğŸ©¸,neutre
ğŸ’Š,neutre
ğŸ©¹,neutre
ğŸ©º,neutre
ğŸšª,neutre
ğŸ›—,neutre
ğŸª,neutre
ğŸªŸ,neutre
ğŸ›,neutre
ğŸ›‹,neutre
ğŸª‘,neutre
ğŸš½,neutre
ğŸª ,negative
ğŸš¿,positive
ğŸ›,positive
ğŸª¤,negative
ğŸª’,neutre
ğŸ§´,neutre
ğŸ§·,neutre
ğŸ§¹,neutre
ğŸ§º,neutre
ğŸ§»,neutre
ğŸª£,neutre
ğŸ§¼,positive
ğŸª¥,positive
ğŸ§½,neutre
ğŸ§¯,neutre
ğŸ›’,neutre
ğŸš¬,negative
âš°,negative
ğŸª¦,negative
âš±,negative
ğŸ—¿,neutre
ğŸª§,neutre
ğŸ§,neutre
ğŸš®,positive
ğŸš°,positive
â™¿,neutre
ğŸš¹,neutre
ğŸšº,neutre
ğŸš»,neutre
ğŸš¼,neutre
ğŸš¾,neutre
ğŸ›‚,neutre
ğŸ›ƒ,neutre
ğŸ›„,neutre
ğŸ›…,neutre
âš ,neutre
ğŸš¸,neutre
â›”,negative
ğŸš«,negative
ğŸš³,negative
ğŸš­,negative
ğŸš¯,neutre
ğŸš±,negative
ğŸš·,negative
ğŸ“µ,neutre
ğŸ”,neutre
â˜¢,negative
â˜£,negative
â¬†,neutre
â†—,neutre
â¡,neutre
â†˜,neutre
â¬‡,neutre
â†™,neutre
â¬…,neutre
â†–,neutre
â†•,neutre
â†”,neutre
â†©,neutre
â†ª,neutre
â¤´,positive
â¤µ,neutre
ğŸ”ƒ,neutre
ğŸ”„,neutre
ğŸ”™,neutre
ğŸ”š,neutre
ğŸ”›,neutre
ğŸ”œ,neutre
ğŸ”,positive
ğŸ›,neutre
âš›,neutre
ğŸ•‰,positive
âœ¡,neutre
â˜¸,neutre
â˜¯,neutre
âœ,neutre
â˜¦,neutre
â˜ª,neutre
â˜®,positive
ğŸ•,positive
ğŸ”¯,neutre
â™ˆ,neutre
â™‰,neutre
â™Š,neutre
â™‹,neutre
â™Œ,neutre
â™,neutre
â™,neutre
â™,neutre
â™,neutre
â™‘,neutre
â™’,neutre
â™“,neutre
â›,neutre
ğŸ”€,neutre
ğŸ”,neutre
ğŸ”‚,neutre
â–¶,neutre
â©,neutre
â­,neutre
â¯,neutre
â—€,neutre
âª,neutre
â®,neutre
ğŸ”¼,neutre
â«,neutre
ğŸ”½,neutre
â¬,neutre
â¸,neutre
â¹,neutre
âº,neutre
â,neutre
ğŸ¦,positive
ğŸ”…,neutre
ğŸ”†,positive
ğŸ“¶,positive
ğŸ“³,neutre
ğŸ“´,neutre
â™€,positive
â™‚,neutre
âš§,neutre
âœ–,negative
â•,positive
â–,neutre
â—,neutre
â™¾,positive
â€¼,neutre
â‰,neutre
â“,neutre
â”,neutre
â•,neutre
â—,neutre
ã€°,neutre
ğŸ’±,neutre
ğŸ’²,neutre
âš•,neutre
â™»,positive
âšœ,positive
ğŸ”±,neutre
ğŸ“›,neutre
ğŸ”°,neutre
â­•,positive
âœ…,positive
â˜‘,positive
âœ”,positive
âŒ,negative
â,negative
â°,neutre
â¿,neutre
ã€½,neutre
âœ³,neutre
âœ´,neutre
â‡,neutre
Â©,neutre
Â®,neutre
â„¢,neutre
#ï¸âƒ£,neutre
*ï¸âƒ£,neutre
neutreï¸âƒ£,neutre
positiveï¸âƒ£,neutre
2ï¸âƒ£,neutre
3ï¸âƒ£,neutre
4ï¸âƒ£,neutre
5ï¸âƒ£,neutre
6ï¸âƒ£,neutre
7ï¸âƒ£,neutre
8ï¸âƒ£,neutre
9ï¸âƒ£,neutre
ğŸ”Ÿ,neutre
ğŸ” ,neutre
ğŸ”¡,neutre
ğŸ”¢,neutre
ğŸ”£,neutre
ğŸ”¤,neutre
ğŸ…°,neutre
ğŸ†,neutre
ğŸ…±,neutre
ğŸ†‘,neutre
ğŸ†’,positive
ğŸ†“,positive
â„¹,neutre
ğŸ†”,neutre
â“‚,neutre
ğŸ†•,positive
ğŸ†–,negative
ğŸ…¾,neutre
ğŸ†—,positive
ğŸ…¿,positive
ğŸ†˜,negative
ğŸ†™,positive
ğŸ†š,neutre
ğŸˆ,neutre
ğŸˆ‚,positive
ğŸˆ·,neutre
ğŸˆ¶,neutre
ğŸˆ¯,neutre
ğŸ‰,positive
ğŸˆ¹,positive
ğŸˆš,negative
ğŸˆ²,negative
ğŸ‰‘,positive
ğŸˆ¸,neutre
ğŸˆ´,positive
ğŸˆ³,neutre
ãŠ—,positive
ãŠ™,neutre
ğŸˆº,positive
ğŸˆµ,neutre
ğŸ”´,neutre
ğŸŸ ,neutre
ğŸŸ¡,neutre
ğŸŸ¢,neutre
ğŸ”µ,neutre
ğŸŸ£,neutre
ğŸŸ¤,neutre
âš«,neutre
âšª,neutre
ğŸŸ¥,negative
ğŸŸ§,neutre
ğŸŸ¨,neutre
ğŸŸ©,neutre
ğŸŸ¦,neutre
ğŸŸª,neutre
ğŸŸ«,neutre
â¬›,neutre
â¬œ,neutre
â—¼,neutre
â—»,neutre
â—¾,neutre
â—½,neutre
â–ª,neutre
â–«,neutre
ğŸ”¶,neutre
ğŸ”·,neutre
ğŸ”¸,neutre
ğŸ”¹,neutre
ğŸ”º,neutre
ğŸ”»,negative
ğŸ’ ,neutre
ğŸ”˜,neutre
ğŸ”³,neutre
ğŸ”²,neutre
ğŸ,positive
ğŸš©,neutre
ğŸŒ,neutre
ğŸ´,neutre
ğŸ³,neutre
ğŸ³ï¸â€ğŸŒˆ,neutre
ğŸ³ï¸â€âš§ï¸,neutre
ğŸ´â€â˜ ï¸,negative
ğŸ‡¦ğŸ‡¨,neutre
ğŸ‡¦ğŸ‡©,neutre
ğŸ‡¦ğŸ‡ª,neutre
ğŸ‡¦ğŸ‡«,neutre
ğŸ‡¦ğŸ‡¬,neutre
ğŸ‡¦ğŸ‡®,neutre
ğŸ‡¦ğŸ‡±,neutre
ğŸ‡¦ğŸ‡²,neutre
ğŸ‡¦ğŸ‡´,neutre
ğŸ‡¦ğŸ‡¶,neutre
ğŸ‡¦ğŸ‡·,neutre
ğŸ‡¦ğŸ‡¸,neutre
ğŸ‡¦ğŸ‡¹,neutre
ğŸ‡¦ğŸ‡º,neutre
ğŸ‡¦ğŸ‡¼,neutre
ğŸ‡¦ğŸ‡½,neutre
ğŸ‡¦ğŸ‡¿,neutre
ğŸ‡§ğŸ‡¦,neutre
ğŸ‡§ğŸ‡§,neutre
ğŸ‡§ğŸ‡©,neutre
ğŸ‡§ğŸ‡ª,neutre
ğŸ‡§ğŸ‡«,neutre
ğŸ‡§ğŸ‡¬,neutre
ğŸ‡§ğŸ‡­,neutre
ğŸ‡§ğŸ‡®,neutre
ğŸ‡§ğŸ‡¯,neutre
ğŸ‡§ğŸ‡±,neutre
ğŸ‡§ğŸ‡²,neutre
ğŸ‡§ğŸ‡³,neutre
ğŸ‡§ğŸ‡´,neutre
ğŸ‡§ğŸ‡¶,neutre
ğŸ‡§ğŸ‡·,neutre
ğŸ‡§ğŸ‡¸,neutre
ğŸ‡§ğŸ‡¹,neutre
ğŸ‡§ğŸ‡»,neutre
ğŸ‡§ğŸ‡¼,neutre
ğŸ‡§ğŸ‡¾,neutre
ğŸ‡§ğŸ‡¿,neutre
ğŸ‡¨ğŸ‡¦,neutre
ğŸ‡¨ğŸ‡¨,neutre
ğŸ‡¨ğŸ‡©,neutre
ğŸ‡¨ğŸ‡«,neutre
ğŸ‡¨ğŸ‡¬,neutre
ğŸ‡¨ğŸ‡­,neutre
ğŸ‡¨ğŸ‡®,neutre
ğŸ‡¨ğŸ‡°,neutre
ğŸ‡¨ğŸ‡±,neutre
ğŸ‡¨ğŸ‡²,neutre
ğŸ‡¨ğŸ‡³,neutre
ğŸ‡¨ğŸ‡´,neutre
ğŸ‡¨ğŸ‡µ,neutre
ğŸ‡¨ğŸ‡·,neutre
ğŸ‡¨ğŸ‡º,neutre
ğŸ‡¨ğŸ‡»,neutre
ğŸ‡¨ğŸ‡¼,neutre
ğŸ‡¨ğŸ‡½,neutre
ğŸ‡¨ğŸ‡¾,neutre
ğŸ‡¨ğŸ‡¿,neutre
ğŸ‡©ğŸ‡ª,neutre
ğŸ‡©ğŸ‡¬,neutre
ğŸ‡©ğŸ‡¯,neutre
ğŸ‡©ğŸ‡°,neutre
ğŸ‡©ğŸ‡²,neutre
ğŸ‡©ğŸ‡´,neutre
ğŸ‡©ğŸ‡¿,neutre
ğŸ‡ªğŸ‡¦,neutre
ğŸ‡ªğŸ‡¨,neutre
ğŸ‡ªğŸ‡ª,neutre
ğŸ‡ªğŸ‡¬,neutre
ğŸ‡ªğŸ‡­,neutre
ğŸ‡ªğŸ‡·,neutre
ğŸ‡ªğŸ‡¸,neutre
ğŸ‡ªğŸ‡¹,neutre
ğŸ‡ªğŸ‡º,neutre
ğŸ‡«ğŸ‡®,neutre
ğŸ‡«ğŸ‡¯,neutre
ğŸ‡«ğŸ‡°,neutre
ğŸ‡«ğŸ‡²,neutre
ğŸ‡«ğŸ‡´,neutre
ğŸ‡«ğŸ‡·,neutre
ğŸ‡¬ğŸ‡¦,neutre
ğŸ‡¬ğŸ‡§,neutre
ğŸ‡¬ğŸ‡©,neutre
ğŸ‡¬ğŸ‡ª,neutre
ğŸ‡¬ğŸ‡«,neutre
ğŸ‡¬ğŸ‡¬,neutre
ğŸ‡¬ğŸ‡­,neutre
ğŸ‡¬ğŸ‡®,neutre
ğŸ‡¬ğŸ‡±,neutre
ğŸ‡¬ğŸ‡²,neutre
ğŸ‡¬ğŸ‡³,neutre
ğŸ‡¬ğŸ‡µ,neutre
ğŸ‡¬ğŸ‡·,neutre
ğŸ‡¬ğŸ‡¸,neutre
ğŸ‡¬ğŸ‡¹,neutre
ğŸ‡¬ğŸ‡º,neutre
ğŸ‡¬ğŸ‡¼,neutre
ğŸ‡¬ğŸ‡¾,neutre
ğŸ‡­ğŸ‡°,neutre
ğŸ‡­ğŸ‡²,neutre
ğŸ‡­ğŸ‡³,neutre
ğŸ‡­ğŸ‡·,neutre
ğŸ‡­ğŸ‡¹,neutre
ğŸ‡­ğŸ‡º,neutre
ğŸ‡®ğŸ‡¨,neutre
ğŸ‡®ğŸ‡©,neutre
ğŸ‡®ğŸ‡ª,neutre
ğŸ‡®ğŸ‡±,neutre
ğŸ‡®ğŸ‡²,neutre
ğŸ‡®ğŸ‡³,neutre
ğŸ‡®ğŸ‡´,neutre
ğŸ‡®ğŸ‡¶,neutre
ğŸ‡®ğŸ‡·,neutre
ğŸ‡®ğŸ‡¸,neutre
ğŸ‡®ğŸ‡¹,neutre
ğŸ‡¯ğŸ‡ª,neutre
ğŸ‡¯ğŸ‡²,neutre
ğŸ‡¯ğŸ‡´,neutre
ğŸ‡¯ğŸ‡µ,neutre
ğŸ‡°ğŸ‡ª,neutre
ğŸ‡°ğŸ‡¬,neutre
ğŸ‡°ğŸ‡­,neutre
ğŸ‡°ğŸ‡®,neutre
ğŸ‡°ğŸ‡²,neutre
ğŸ‡°ğŸ‡·,neutre
ğŸ‡°ğŸ‡¼,neutre
ğŸ‡°ğŸ‡¾,neutre
ğŸ‡°ğŸ‡¿,neutre
ğŸ‡±ğŸ‡¦,neutre
ğŸ‡±ğŸ‡§,neutre
ğŸ‡±ğŸ‡¨,neutre
ğŸ‡±ğŸ‡®,neutre
ğŸ‡±ğŸ‡°,neutre
ğŸ‡±ğŸ‡·,neutre
ğŸ‡±ğŸ‡¸,neutre
ğŸ‡±ğŸ‡¹,neutre
ğŸ‡±ğŸ‡º,neutre
ğŸ‡±ğŸ‡»,neutre
ğŸ‡±ğŸ‡¾,neutre
ğŸ‡²ğŸ‡¦,neutre
ğŸ‡²ğŸ‡¨,neutre
ğŸ‡²ğŸ‡©,neutre
ğŸ‡²ğŸ‡ª,neutre
ğŸ‡²ğŸ‡«,neutre
ğŸ‡²ğŸ‡¬,neutre
ğŸ‡²ğŸ‡­,neutre
ğŸ‡²ğŸ‡°,neutre
ğŸ‡²ğŸ‡±,neutre
ğŸ‡²ğŸ‡²,neutre
ğŸ‡²ğŸ‡³,neutre
ğŸ‡²ğŸ‡´,neutre
ğŸ‡²ğŸ‡µ,neutre
ğŸ‡²ğŸ‡¶,neutre
ğŸ‡²ğŸ‡·,neutre
ğŸ‡²ğŸ‡¸,neutre
ğŸ‡²ğŸ‡¹,neutre
ğŸ‡²ğŸ‡º,neutre
ğŸ‡²ğŸ‡»,neutre
ğŸ‡²ğŸ‡¼,neutre
ğŸ‡²ğŸ‡½,neutre
ğŸ‡²ğŸ‡¾,neutre
ğŸ‡²ğŸ‡¿,neutre
ğŸ‡³ğŸ‡¦,neutre
ğŸ‡³ğŸ‡¨,neutre
ğŸ‡³ğŸ‡ª,neutre
ğŸ‡³ğŸ‡«,neutre
ğŸ‡³ğŸ‡¬,neutre
ğŸ‡³ğŸ‡®,neutre
ğŸ‡³ğŸ‡±,neutre
ğŸ‡³ğŸ‡´,neutre
ğŸ‡³ğŸ‡µ,neutre
ğŸ‡³ğŸ‡·,neutre
ğŸ‡³ğŸ‡º,neutre
ğŸ‡³ğŸ‡¿,neutre
ğŸ‡´ğŸ‡²,neutre
ğŸ‡µğŸ‡¦,neutre
ğŸ‡µğŸ‡ª,neutre
ğŸ‡µğŸ‡«,neutre
ğŸ‡µğŸ‡¬,neutre
ğŸ‡µğŸ‡­,neutre
ğŸ‡µğŸ‡°,neutre
ğŸ‡µğŸ‡±,neutre
ğŸ‡µğŸ‡²,neutre
ğŸ‡µğŸ‡³,neutre
ğŸ‡µğŸ‡·,neutre
ğŸ‡µğŸ‡¸,neutre
ğŸ‡µğŸ‡¹,neutre
ğŸ‡µğŸ‡¼,neutre
ğŸ‡µğŸ‡¾,neutre
ğŸ‡¶ğŸ‡¦,neutre
ğŸ‡·ğŸ‡ª,neutre
ğŸ‡·ğŸ‡´,neutre
ğŸ‡·ğŸ‡¸,neutre
ğŸ‡·ğŸ‡º,neutre
ğŸ‡·ğŸ‡¼,neutre
ğŸ‡¸ğŸ‡¦,neutre
ğŸ‡¸ğŸ‡§,neutre
ğŸ‡¸ğŸ‡¨,neutre
ğŸ‡¸ğŸ‡©,neutre
ğŸ‡¸ğŸ‡ª,neutre
ğŸ‡¸ğŸ‡¬,neutre
ğŸ‡¸ğŸ‡­,neutre
ğŸ‡¸ğŸ‡®,neutre
ğŸ‡¸ğŸ‡¯,neutre
ğŸ‡¸ğŸ‡°,neutre
ğŸ‡¸ğŸ‡±,neutre
ğŸ‡¸ğŸ‡²,neutre
ğŸ‡¸ğŸ‡³,neutre
ğŸ‡¸ğŸ‡´,neutre
ğŸ‡¸ğŸ‡·,neutre
ğŸ‡¸ğŸ‡¸,neutre
ğŸ‡¸ğŸ‡¹,neutre
ğŸ‡¸ğŸ‡»,neutre
ğŸ‡¸ğŸ‡½,neutre
ğŸ‡¸ğŸ‡¾,neutre
ğŸ‡¸ğŸ‡¿,neutre
ğŸ‡¹ğŸ‡¦,neutre
ğŸ‡¹ğŸ‡¨,neutre
ğŸ‡¹ğŸ‡©,neutre
ğŸ‡¹ğŸ‡«,neutre
ğŸ‡¹ğŸ‡¬,neutre
ğŸ‡¹ğŸ‡­,neutre
ğŸ‡¹ğŸ‡¯,neutre
ğŸ‡¹ğŸ‡°,neutre
ğŸ‡¹ğŸ‡±,neutre
ğŸ‡¹ğŸ‡²,neutre
ğŸ‡¹ğŸ‡³,neutre
ğŸ‡¹ğŸ‡´,neutre
ğŸ‡¹ğŸ‡·,neutre
ğŸ‡¹ğŸ‡¹,neutre
ğŸ‡¹ğŸ‡»,neutre
ğŸ‡¹ğŸ‡¼,neutre
ğŸ‡¹ğŸ‡¿,neutre
ğŸ‡ºğŸ‡¦,neutre
ğŸ‡ºğŸ‡¬,neutre
ğŸ‡ºğŸ‡²,neutre
ğŸ‡ºğŸ‡³,neutre
ğŸ‡ºğŸ‡¸,neutre
ğŸ‡ºğŸ‡¾,neutre
ğŸ‡ºğŸ‡¿,neutre
ğŸ‡»ğŸ‡¦,neutre
ğŸ‡»ğŸ‡¨,neutre
ğŸ‡»ğŸ‡ª,neutre
ğŸ‡»ğŸ‡¬,neutre
ğŸ‡»ğŸ‡®,neutre
ğŸ‡»ğŸ‡³,neutre
ğŸ‡»ğŸ‡º,neutre
ğŸ‡¼ğŸ‡«,neutre
ğŸ‡¼ğŸ‡¸,neutre
ğŸ‡½ğŸ‡°,neutre
ğŸ‡¾ğŸ‡ª,neutre
ğŸ‡¾ğŸ‡¹,neutre
ğŸ‡¿ğŸ‡¦,neutre
ğŸ‡¿ğŸ‡²,neutre
ğŸ‡¿ğŸ‡¼,neutre
ğŸ´ó §ó ¢ó ¥ó ®ó §ó ¿,neutre
ğŸ´ó §ó ¢ó ³ó £ó ´ó ¿,neutre
ğŸ´ó §ó ¢ó ·ó ¬ó ³ó ¿,neutre
ï»¿ğŸ˜€,positive
ğŸ« ,neutre
â˜ºï¸,positive
ğŸ«¢,neutre
ğŸ«£,negative
ğŸ«¡,neutre
ğŸ«¥,negative
ğŸ˜¶â€ğŸŒ«,neutre
ğŸ«¨,negative
ğŸ™‚â€â†”ï¸,positive
ğŸ™‚â€â†”,neutre
ğŸ™‚â€â†•ï¸,neutre
ğŸ™‚â€â†•,positive
ğŸ«¤,negative
â˜¹ï¸,negative
ğŸ¥¹,neutre
â˜ ï¸,negative
â£ï¸,neutre
â¤â€ğŸ”¥,positive
â¤â€ğŸ©¹,positive
â¤ï¸,positive
ğŸ©·,positive
ğŸ©µ,neutre
ğŸ©¶,neutre
ğŸ•³ï¸,neutre
ğŸ‘â€ğŸ—¨ï¸,positive
ğŸ‘ï¸â€ğŸ—¨,positive
ğŸ‘â€ğŸ—¨,neutre
ğŸ—¨ï¸,neutre
ğŸ—¯ï¸,negative
ğŸ‘‹ğŸ»,positive
ğŸ‘‹ğŸ¼,positive
ğŸ‘‹ğŸ½,positive
ğŸ‘‹ğŸ¾,neutre
ğŸ‘‹ğŸ¿,neutre
ğŸ¤šğŸ»,neutre
ğŸ¤šğŸ¼,neutre
ğŸ¤šğŸ½,neutre
ğŸ¤šğŸ¾,neutre
ğŸ¤šğŸ¿,neutre
ğŸ–ï¸,neutre
ğŸ–ğŸ»,neutre
ğŸ–ğŸ¼,neutre
ğŸ–ğŸ½,positive
ğŸ–ğŸ¾,neutre
ğŸ–ğŸ¿,negative
âœ‹ğŸ»,positive
âœ‹ğŸ¼,neutre
âœ‹ğŸ½,neutre
âœ‹ğŸ¾,positive
âœ‹ğŸ¿,positive
ğŸ––ğŸ»,positive
ğŸ––ğŸ¼,positive
ğŸ––ğŸ½,neutre
ğŸ––ğŸ¾,negative
ğŸ––ğŸ¿,neutre
ğŸ«±,neutre
ğŸ«±ğŸ»,positive
ğŸ«±ğŸ¼,positive
ğŸ«±ğŸ½,neutre
ğŸ«±ğŸ¾,neutre
ğŸ«±ğŸ¿,positive
ğŸ«²,neutre
ğŸ«²ğŸ»,positive
ğŸ«²ğŸ¼,neutre
ğŸ«²ğŸ½,neutre
ğŸ«²ğŸ¾,neutre
ğŸ«²ğŸ¿,neutre
ğŸ«³,neutre
ğŸ«³ğŸ»,positive
ğŸ«³ğŸ¼,positive
ğŸ«³ğŸ½,positive
ğŸ«³ğŸ¾,neutre
ğŸ«³ğŸ¿,positive
ğŸ«´,neutre
ğŸ«´ğŸ»,neutre
ğŸ«´ğŸ¼,positive
ğŸ«´ğŸ½,neutre
ğŸ«´ğŸ¾,neutre
ğŸ«´ğŸ¿,positive
ğŸ«·,neutre
ğŸ«·ğŸ»,positive
ğŸ«·ğŸ¼,positive
ğŸ«·ğŸ½,positive
ğŸ«·ğŸ¾,neutre
ğŸ«·ğŸ¿,neutre
ğŸ«¸,neutre
ğŸ«¸ğŸ»,neutre
ğŸ«¸ğŸ¼,positive
ğŸ«¸ğŸ½,positive
ğŸ«¸ğŸ¾,neutre
ğŸ«¸ğŸ¿,positive
ğŸ‘ŒğŸ»,positive
ğŸ‘ŒğŸ¼,neutre
ğŸ‘ŒğŸ½,neutre
ğŸ‘ŒğŸ¾,positive
ğŸ‘ŒğŸ¿,positive
ğŸ¤ŒğŸ»,neutre
ğŸ¤ŒğŸ¼,positive
ğŸ¤ŒğŸ½,neutre
ğŸ¤ŒğŸ¾,neutre
ğŸ¤ŒğŸ¿,positive
ğŸ¤ğŸ»,neutre
ğŸ¤ğŸ¼,negative
ğŸ¤ğŸ½,positive
ğŸ¤ğŸ¾,neutre
ğŸ¤ğŸ¿,neutre
âœŒï¸,negative
âœŒğŸ»,neutre
âœŒğŸ¼,neutre
âœŒğŸ½,neutre
âœŒğŸ¾,neutre
âœŒğŸ¿,positive
ğŸ¤ğŸ»,neutre
ğŸ¤ğŸ¼,neutre
ğŸ¤ğŸ½,positive
ğŸ¤ğŸ¾,neutre
ğŸ¤ğŸ¿,neutre
ğŸ«°,neutre
ğŸ«°ğŸ»,positive
ğŸ«°ğŸ¼,neutre
ğŸ«°ğŸ½,positive
ğŸ«°ğŸ¾,neutre
ğŸ«°ğŸ¿,neutre
ğŸ¤ŸğŸ»,neutre
ğŸ¤ŸğŸ¼,neutre
ğŸ¤ŸğŸ½,neutre
ğŸ¤ŸğŸ¾,neutre
ğŸ¤ŸğŸ¿,positive
ğŸ¤˜ğŸ»,neutre
ğŸ¤˜ğŸ¼,positive
ğŸ¤˜ğŸ½,positive
ğŸ¤˜ğŸ¾,neutre
ğŸ¤˜ğŸ¿,neutre
ğŸ¤™ğŸ»,positive
ğŸ¤™ğŸ¼,positive
ğŸ¤™ğŸ½,neutre
ğŸ¤™ğŸ¾,neutre
ğŸ¤™ğŸ¿,neutre
ğŸ‘ˆğŸ»,neutre
ğŸ‘ˆğŸ¼,positive
ğŸ‘ˆğŸ½,neutre
ğŸ‘ˆğŸ¾,positive
ğŸ‘ˆğŸ¿,neutre
ğŸ‘‰ğŸ»,positive
ğŸ‘‰ğŸ¼,neutre
ğŸ‘‰ğŸ½,neutre
ğŸ‘‰ğŸ¾,neutre
ğŸ‘‰ğŸ¿,positive
ğŸ‘†ğŸ»,neutre
ğŸ‘†ğŸ¼,positive
ğŸ‘†ğŸ½,neutre
ğŸ‘†ğŸ¾,neutre
ğŸ‘†ğŸ¿,positive
ğŸ–•ğŸ»,neutre
ğŸ–•ğŸ¼,neutre
ğŸ–•ğŸ½,neutre
ğŸ–•ğŸ¾,positive
ğŸ–•ğŸ¿,negative
ğŸ‘‡ğŸ»,positive
ğŸ‘‡ğŸ¼,neutre
ğŸ‘‡ğŸ½,neutre
ğŸ‘‡ğŸ¾,neutre
ğŸ‘‡ğŸ¿,neutre
â˜ï¸,neutre
â˜ğŸ»,positive
â˜ğŸ¼,neutre
â˜ğŸ¾,neutre
â˜ğŸ¿,neutre
ğŸ«µ,neutre
ğŸ«µğŸ»,neutre
ğŸ«µğŸ¼,neutre
ğŸ«µğŸ½,neutre
ğŸ«µğŸ¾,neutre
ğŸ«µğŸ¿,positive
ğŸ‘ğŸ»,positive
ğŸ‘ğŸ¼,positive
ğŸ‘ğŸ½,positive
ğŸ‘ğŸ¾,positive
ğŸ‘ğŸ¿,neutre
ğŸ‘ğŸ»,neutre
ğŸ‘ğŸ¼,negative
ğŸ‘ğŸ½,neutre
ğŸ‘ğŸ¾,positive
ğŸ‘ğŸ¿,neutre
âœŠğŸ»,neutre
âœŠğŸ¼,positive
âœŠğŸ½,neutre
âœŠğŸ¾,positive
âœŠğŸ¿,positive
ğŸ‘ŠğŸ»,neutre
ğŸ‘ŠğŸ¼,positive
ğŸ‘ŠğŸ½,positive
ğŸ‘ŠğŸ¾,positive
ğŸ‘ŠğŸ¿,positive
ğŸ¤›ğŸ»,neutre
ğŸ¤›ğŸ¼,positive
ğŸ¤›ğŸ½,positive
ğŸ¤›ğŸ¾,positive
ğŸ¤›ğŸ¿,positive
ğŸ¤œğŸ»,positive
ğŸ¤œğŸ¼,neutre
ğŸ¤œğŸ½,positive
ğŸ¤œğŸ¾,negative
ğŸ¤œğŸ¿,neutre
ğŸ‘ğŸ»,positive
ğŸ‘ğŸ¼,neutre
ğŸ‘ğŸ½,neutre
ğŸ‘ğŸ¾,neutre
ğŸ‘ğŸ¿,positive
ğŸ™ŒğŸ»,positive
ğŸ™ŒğŸ¼,positive
ğŸ™ŒğŸ½,neutre
ğŸ™ŒğŸ¾,neutre
ğŸ™ŒğŸ¿,positive
ğŸ«¶,positive
ğŸ«¶ğŸ»,neutre
ğŸ«¶ğŸ¼,positive
ğŸ«¶ğŸ½,positive
ğŸ«¶ğŸ¾,positive
ğŸ«¶ğŸ¿,neutre
ğŸ‘ğŸ»,neutre
ğŸ‘ğŸ¼,positive
ğŸ‘ğŸ½,negative
ğŸ‘ğŸ¾,neutre
ğŸ‘ğŸ¿,neutre
ğŸ¤²ğŸ»,positive
ğŸ¤²ğŸ¼,positive
ğŸ¤²ğŸ½,neutre
ğŸ¤²ğŸ¾,neutre
ğŸ¤²ğŸ¿,positive
ğŸ¤ğŸ»,neutre
ğŸ¤ğŸ¼,neutre
ğŸ¤ğŸ½,positive
ğŸ¤ğŸ¾,neutre
ğŸ¤ğŸ¿,positive
ğŸ«±ğŸ»â€ğŸ«²ğŸ¼,positive
ğŸ«±ğŸ»â€ğŸ«²ğŸ½,positive
ğŸ«±ğŸ»â€ğŸ«²ğŸ¾,neutre
ğŸ«±ğŸ»â€ğŸ«²ğŸ¿,neutre
ğŸ«±ğŸ¼â€ğŸ«²ğŸ»,neutre
ğŸ«±ğŸ¼â€ğŸ«²ğŸ½,neutre
ğŸ«±ğŸ¼â€ğŸ«²ğŸ¾,neutre
ğŸ«±ğŸ¼â€ğŸ«²ğŸ¿,neutre
ğŸ«±ğŸ½â€ğŸ«²ğŸ»,neutre
ğŸ«±ğŸ½â€ğŸ«²ğŸ¼,neutre
ğŸ«±ğŸ½â€ğŸ«²ğŸ¾,neutre
ğŸ«±ğŸ½â€ğŸ«²ğŸ¿,neutre
ğŸ«±ğŸ¾â€ğŸ«²ğŸ»,positive
ğŸ«±ğŸ¾â€ğŸ«²ğŸ¼,neutre
ğŸ«±ğŸ¾â€ğŸ«²ğŸ½,neutre
ğŸ«±ğŸ¾â€ğŸ«²ğŸ¿,neutre
ğŸ«±ğŸ¿â€ğŸ«²ğŸ»,positive
ğŸ«±ğŸ¿â€ğŸ«²ğŸ¼,neutre
ğŸ«±ğŸ¿â€ğŸ«²ğŸ½,neutre
ğŸ«±ğŸ¿â€ğŸ«²ğŸ¾,positive
ğŸ™ğŸ»,neutre
ğŸ™ğŸ¼,positive
ğŸ™ğŸ½,positive
ğŸ™ğŸ¾,neutre
ğŸ™ğŸ¿,positive
âœï¸,positive
âœğŸ»,positive
âœğŸ¼,positive
âœğŸ½,neutre
âœğŸ¾,neutre
âœğŸ¿,negative
ğŸ’…ğŸ»,positive
ğŸ’…ğŸ¼,positive
ğŸ’…ğŸ½,neutre
ğŸ’…ğŸ¾,positive
ğŸ’…ğŸ¿,positive
ğŸ¤³ğŸ»,positive
ğŸ¤³ğŸ¼,positive
ğŸ¤³ğŸ½,positive
ğŸ¤³ğŸ¾,positive
ğŸ¤³ğŸ¿,positive
ğŸ’ªğŸ»,positive
ğŸ’ªğŸ¼,positive
ğŸ’ªğŸ½,positive
ğŸ’ªğŸ¾,neutre
ğŸ’ªğŸ¿,neutre
ğŸ¦µğŸ»,neutre
ğŸ¦µğŸ¼,positive
ğŸ¦µğŸ½,positive
ğŸ¦µğŸ¾,neutre
ğŸ¦µğŸ¿,positive
ğŸ¦¶ğŸ»,neutre
ğŸ¦¶ğŸ¼,neutre
ğŸ¦¶ğŸ½,neutre
ğŸ¦¶ğŸ¾,neutre
ğŸ¦¶ğŸ¿,neutre
ğŸ‘‚ğŸ»,positive
ğŸ‘‚ğŸ¼,neutre
ğŸ‘‚ğŸ½,neutre
ğŸ‘‚ğŸ¾,neutre
ğŸ‘‚ğŸ¿,neutre
ğŸ¦»ğŸ»,neutre
ğŸ¦»ğŸ¼,neutre
ğŸ¦»ğŸ½,neutre
ğŸ¦»ğŸ¾,neutre
ğŸ¦»ğŸ¿,neutre
ğŸ‘ƒğŸ»,positive
ğŸ‘ƒğŸ¼,neutre
ğŸ‘ƒğŸ½,positive
ğŸ‘ƒğŸ¾,neutre
ğŸ‘ƒğŸ¿,neutre
ğŸ‘ï¸,neutre
ğŸ«¦,neutre
ğŸ‘¶ğŸ»,neutre
ğŸ‘¶ğŸ¼,neutre
ğŸ‘¶ğŸ½,neutre
ğŸ‘¶ğŸ¾,neutre
ğŸ‘¶ğŸ¿,neutre
ğŸ§’ğŸ»,neutre
ğŸ§’ğŸ¼,positive
ğŸ§’ğŸ½,neutre
ğŸ§’ğŸ¾,neutre
ğŸ§’ğŸ¿,neutre
ğŸ‘¦ğŸ»,neutre
ğŸ‘¦ğŸ¼,positive
ğŸ‘¦ğŸ½,neutre
ğŸ‘¦ğŸ¾,positive
ğŸ‘¦ğŸ¿,positive
ğŸ‘§ğŸ»,positive
ğŸ‘§ğŸ¼,neutre
ğŸ‘§ğŸ½,neutre
ğŸ‘§ğŸ¾,neutre
ğŸ‘§ğŸ¿,neutre
ğŸ§‘ğŸ»,neutre
ğŸ§‘ğŸ¼,neutre
ğŸ§‘ğŸ½,neutre
ğŸ§‘ğŸ¾,positive
ğŸ§‘ğŸ¿,positive
ğŸ‘±ğŸ»,positive
ğŸ‘±ğŸ¼,neutre
ğŸ‘±ğŸ½,positive
ğŸ‘±ğŸ¾,positive
ğŸ‘±ğŸ¿,neutre
ğŸ‘¨ğŸ»,neutre
ğŸ‘¨ğŸ¼,positive
ğŸ‘¨ğŸ½,neutre
ğŸ‘¨ğŸ¾,positive
ğŸ‘¨ğŸ¿,positive
ğŸ§”ğŸ»,neutre
ğŸ§”ğŸ¼,neutre
ğŸ§”ğŸ½,neutre
ğŸ§”ğŸ¾,neutre
ğŸ§”ğŸ¿,positive
ğŸ§”â€â™‚,neutre
ğŸ§”ğŸ»â€â™‚ï¸,positive
ğŸ§”ğŸ»â€â™‚,neutre
ğŸ§”ğŸ¼â€â™‚ï¸,positive
ğŸ§”ğŸ¼â€â™‚,positive
ğŸ§”ğŸ½â€â™‚ï¸,neutre
ğŸ§”ğŸ½â€â™‚,positive
ğŸ§”ğŸ¾â€â™‚ï¸,positive
ğŸ§”ğŸ¾â€â™‚,neutre
ğŸ§”ğŸ¿â€â™‚ï¸,neutre
ğŸ§”ğŸ¿â€â™‚,positive
ğŸ§”â€â™€,neutre
ğŸ§”ğŸ»â€â™€ï¸,neutre
ğŸ§”ğŸ»â€â™€,neutre
ğŸ§”ğŸ¼â€â™€ï¸,positive
ğŸ§”ğŸ¼â€â™€,neutre
ğŸ§”ğŸ½â€â™€ï¸,neutre
ğŸ§”ğŸ½â€â™€,neutre
ğŸ§”ğŸ¾â€â™€ï¸,positive
ğŸ§”ğŸ¾â€â™€,neutre
ğŸ§”ğŸ¿â€â™€ï¸,neutre
ğŸ§”ğŸ¿â€â™€,neutre
ğŸ‘¨ğŸ»â€ğŸ¦°,neutre
ğŸ‘¨ğŸ¼â€ğŸ¦°,positive
ğŸ‘¨ğŸ½â€ğŸ¦°,neutre
ğŸ‘¨ğŸ¾â€ğŸ¦°,negative
ğŸ‘¨ğŸ¿â€ğŸ¦°,neutre
ğŸ‘¨ğŸ»â€ğŸ¦±,neutre
ğŸ‘¨ğŸ¼â€ğŸ¦±,neutre
ğŸ‘¨ğŸ½â€ğŸ¦±,neutre
ğŸ‘¨ğŸ¾â€ğŸ¦±,neutre
ğŸ‘¨ğŸ¿â€ğŸ¦±,neutre
ğŸ‘¨ğŸ»â€ğŸ¦³,neutre
ğŸ‘¨ğŸ¼â€ğŸ¦³,neutre
ğŸ‘¨ğŸ½â€ğŸ¦³,neutre
ğŸ‘¨ğŸ¾â€ğŸ¦³,positive
ğŸ‘¨ğŸ¿â€ğŸ¦³,positive
ğŸ‘¨ğŸ»â€ğŸ¦²,neutre
ğŸ‘¨ğŸ¼â€ğŸ¦²,neutre
ğŸ‘¨ğŸ½â€ğŸ¦²,positive
ğŸ‘¨ğŸ¾â€ğŸ¦²,neutre
ğŸ‘¨ğŸ¿â€ğŸ¦²,neutre
ğŸ‘©ğŸ»,neutre
ğŸ‘©ğŸ¼,neutre
ğŸ‘©ğŸ½,neutre
ğŸ‘©ğŸ¾,neutre
ğŸ‘©ğŸ¿,positive
ğŸ‘©ğŸ»â€ğŸ¦°,neutre
ğŸ‘©ğŸ¼â€ğŸ¦°,neutre
ğŸ‘©ğŸ½â€ğŸ¦°,neutre
ğŸ‘©ğŸ¾â€ğŸ¦°,neutre
ğŸ‘©ğŸ¿â€ğŸ¦°,neutre
ğŸ§‘ğŸ»â€ğŸ¦°,neutre
ğŸ§‘ğŸ¼â€ğŸ¦°,neutre
ğŸ§‘ğŸ½â€ğŸ¦°,neutre
ğŸ§‘ğŸ¾â€ğŸ¦°,positive
ğŸ§‘ğŸ¿â€ğŸ¦°,neutre
ğŸ‘©ğŸ»â€ğŸ¦±,neutre
ğŸ‘©ğŸ¼â€ğŸ¦±,neutre
ğŸ‘©ğŸ½â€ğŸ¦±,neutre
ğŸ‘©ğŸ¾â€ğŸ¦±,neutre
ğŸ‘©ğŸ¿â€ğŸ¦±,neutre
ğŸ§‘ğŸ»â€ğŸ¦±,positive
ğŸ§‘ğŸ¼â€ğŸ¦±,positive
ğŸ§‘ğŸ½â€ğŸ¦±,neutre
ğŸ§‘ğŸ¾â€ğŸ¦±,positive
ğŸ§‘ğŸ¿â€ğŸ¦±,positive
ğŸ‘©ğŸ»â€ğŸ¦³,positive
ğŸ‘©ğŸ¼â€ğŸ¦³,neutre
ğŸ‘©ğŸ½â€ğŸ¦³,positive
ğŸ‘©ğŸ¾â€ğŸ¦³,positive
ğŸ‘©ğŸ¿â€ğŸ¦³,positive
ğŸ§‘ğŸ»â€ğŸ¦³,neutre
ğŸ§‘ğŸ¼â€ğŸ¦³,neutre
ğŸ§‘ğŸ½â€ğŸ¦³,neutre
ğŸ§‘ğŸ¾â€ğŸ¦³,neutre
ğŸ§‘ğŸ¿â€ğŸ¦³,positive
ğŸ‘©ğŸ»â€ğŸ¦²,neutre
ğŸ‘©ğŸ¼â€ğŸ¦²,neutre
ğŸ‘©ğŸ½â€ğŸ¦²,positive
ğŸ‘©ğŸ¾â€ğŸ¦²,neutre
ğŸ‘©ğŸ¿â€ğŸ¦²,neutre
ğŸ§‘ğŸ»â€ğŸ¦²,neutre
ğŸ§‘ğŸ¼â€ğŸ¦²,positive
ğŸ§‘ğŸ½â€ğŸ¦²,positive
ğŸ§‘ğŸ¾â€ğŸ¦²,positive
ğŸ§‘ğŸ¿â€ğŸ¦²,positive
ğŸ‘±â€â™€,neutre
ğŸ‘±ğŸ»â€â™€ï¸,neutre
ğŸ‘±ğŸ»â€â™€,neutre
ğŸ‘±ğŸ¼â€â™€ï¸,positive
ğŸ‘±ğŸ¼â€â™€,positive
ğŸ‘±ğŸ½â€â™€ï¸,neutre
ğŸ‘±ğŸ½â€â™€,neutre
ğŸ‘±ğŸ¾â€â™€ï¸,neutre
ğŸ‘±ğŸ¾â€â™€,positive
ğŸ‘±ğŸ¿â€â™€ï¸,neutre
ğŸ‘±ğŸ¿â€â™€,neutre
ğŸ‘±â€â™‚,neutre
ğŸ‘±ğŸ»â€â™‚ï¸,neutre
ğŸ‘±ğŸ»â€â™‚,positive
ğŸ‘±ğŸ¼â€â™‚ï¸,neutre
ğŸ‘±ğŸ¼â€â™‚,neutre
ğŸ‘±ğŸ½â€â™‚ï¸,neutre
ğŸ‘±ğŸ½â€â™‚,neutre
ğŸ‘±ğŸ¾â€â™‚ï¸,neutre
ğŸ‘±ğŸ¾â€â™‚,neutre
ğŸ‘±ğŸ¿â€â™‚ï¸,positive
ğŸ‘±ğŸ¿â€â™‚,neutre
ğŸ§“ğŸ»,neutre
ğŸ§“ğŸ¼,positive
ğŸ§“ğŸ½,positive
ğŸ§“ğŸ¾,neutre
ğŸ§“ğŸ¿,neutre
ğŸ‘´ğŸ»,positive
ğŸ‘´ğŸ¼,neutre
ğŸ‘´ğŸ½,positive
ğŸ‘´ğŸ¾,neutre
ğŸ‘´ğŸ¿,positive
ğŸ‘µğŸ»,neutre
ğŸ‘µğŸ¼,neutre
ğŸ‘µğŸ½,neutre
ğŸ‘µğŸ¾,neutre
ğŸ‘µğŸ¿,neutre
ğŸ™ğŸ»,positive
ğŸ™ğŸ¼,positive
ğŸ™ğŸ½,neutre
ğŸ™ğŸ¾,neutre
ğŸ™ğŸ¿,positive
ğŸ™â€â™‚,negative
ğŸ™ğŸ»â€â™‚ï¸,positive
ğŸ™ğŸ»â€â™‚,neutre
ğŸ™ğŸ¼â€â™‚ï¸,positive
ğŸ™ğŸ¼â€â™‚,neutre
ğŸ™ğŸ½â€â™‚ï¸,negative
ğŸ™ğŸ½â€â™‚,positive
ğŸ™ğŸ¾â€â™‚ï¸,neutre
ğŸ™ğŸ¾â€â™‚,neutre
ğŸ™ğŸ¿â€â™‚ï¸,neutre
ğŸ™ğŸ¿â€â™‚,positive
ğŸ™â€â™€,neutre
ğŸ™ğŸ»â€â™€ï¸,positive
ğŸ™ğŸ»â€â™€,neutre
ğŸ™ğŸ¼â€â™€ï¸,neutre
ğŸ™ğŸ¼â€â™€,positive
ğŸ™ğŸ½â€â™€ï¸,neutre
ğŸ™ğŸ½â€â™€,positive
ğŸ™ğŸ¾â€â™€ï¸,positive
ğŸ™ğŸ¾â€â™€,positive
ğŸ™ğŸ¿â€â™€ï¸,neutre
ğŸ™ğŸ¿â€â™€,neutre
ğŸ™ğŸ»,positive
ğŸ™ğŸ¼,positive
ğŸ™ğŸ½,neutre
ğŸ™ğŸ¾,neutre
ğŸ™ğŸ¿,positive
ğŸ™â€â™‚,neutre
ğŸ™ğŸ»â€â™‚ï¸,neutre
ğŸ™ğŸ»â€â™‚,neutre
ğŸ™ğŸ¼â€â™‚ï¸,neutre
ğŸ™ğŸ¼â€â™‚,positive
ğŸ™ğŸ½â€â™‚ï¸,positive
ğŸ™ğŸ½â€â™‚,positive
ğŸ™ğŸ¾â€â™‚ï¸,neutre
ğŸ™ğŸ¾â€â™‚,positive
ğŸ™ğŸ¿â€â™‚ï¸,positive
ğŸ™ğŸ¿â€â™‚,neutre
ğŸ™â€â™€,neutre
ğŸ™ğŸ»â€â™€ï¸,neutre
ğŸ™ğŸ»â€â™€,neutre
ğŸ™ğŸ¼â€â™€ï¸,neutre
ğŸ™ğŸ¼â€â™€,neutre
ğŸ™ğŸ½â€â™€ï¸,neutre
ğŸ™ğŸ½â€â™€,neutre
ğŸ™ğŸ¾â€â™€ï¸,neutre
ğŸ™ğŸ¾â€â™€,neutre
ğŸ™ğŸ¿â€â™€ï¸,neutre
ğŸ™ğŸ¿â€â™€,positive
ğŸ™…ğŸ»,positive
ğŸ™…ğŸ¼,neutre
ğŸ™…ğŸ½,neutre
ğŸ™…ğŸ¾,neutre
ğŸ™…ğŸ¿,neutre
ğŸ™…â€â™‚,neutre
ğŸ™…ğŸ»â€â™‚ï¸,neutre
ğŸ™…ğŸ»â€â™‚,neutre
ğŸ™…ğŸ¼â€â™‚ï¸,positive
ğŸ™…ğŸ¼â€â™‚,neutre
ğŸ™…ğŸ½â€â™‚ï¸,neutre
ğŸ™…ğŸ½â€â™‚,neutre
ğŸ™…ğŸ¾â€â™‚ï¸,negative
ğŸ™…ğŸ¾â€â™‚,neutre
ğŸ™…ğŸ¿â€â™‚ï¸,positive
ğŸ™…ğŸ¿â€â™‚,neutre
ğŸ™…â€â™€,negative
ğŸ™…ğŸ»â€â™€ï¸,neutre
ğŸ™…ğŸ»â€â™€,neutre
ğŸ™…ğŸ¼â€â™€ï¸,neutre
ğŸ™…ğŸ¼â€â™€,neutre
ğŸ™…ğŸ½â€â™€ï¸,neutre
ğŸ™…ğŸ½â€â™€,negative
ğŸ™…ğŸ¾â€â™€ï¸,neutre
ğŸ™…ğŸ¾â€â™€,neutre
ğŸ™…ğŸ¿â€â™€ï¸,neutre
ğŸ™…ğŸ¿â€â™€,neutre
ğŸ™†ğŸ»,positive
ğŸ™†ğŸ¼,neutre
ğŸ™†ğŸ½,positive
ğŸ™†ğŸ¾,positive
ğŸ™†ğŸ¿,neutre
ğŸ™†â€â™‚,neutre
ğŸ™†ğŸ»â€â™‚ï¸,positive
ğŸ™†ğŸ»â€â™‚,positive
ğŸ™†ğŸ¼â€â™‚ï¸,neutre
ğŸ™†ğŸ¼â€â™‚,neutre
ğŸ™†ğŸ½â€â™‚ï¸,positive
ğŸ™†ğŸ½â€â™‚,neutre
ğŸ™†ğŸ¾â€â™‚ï¸,neutre
ğŸ™†ğŸ¾â€â™‚,neutre
ğŸ™†ğŸ¿â€â™‚ï¸,neutre
ğŸ™†ğŸ¿â€â™‚,neutre
ğŸ™†â€â™€,negative
ğŸ™†ğŸ»â€â™€ï¸,positive
ğŸ™†ğŸ»â€â™€,positive
ğŸ™†ğŸ¼â€â™€ï¸,positive
ğŸ™†ğŸ¼â€â™€,neutre
ğŸ™†ğŸ½â€â™€ï¸,neutre
ğŸ™†ğŸ½â€â™€,neutre
ğŸ™†ğŸ¾â€â™€ï¸,neutre
ğŸ™†ğŸ¾â€â™€,neutre
ğŸ™†ğŸ¿â€â™€ï¸,neutre
ğŸ™†ğŸ¿â€â™€,positive
ğŸ’ğŸ»,positive
ğŸ’ğŸ¼,positive
ğŸ’ğŸ½,neutre
ğŸ’ğŸ¾,neutre
ğŸ’ğŸ¿,positive
ğŸ’â€â™‚,neutre
ğŸ’ğŸ»â€â™‚ï¸,positive
ğŸ’ğŸ»â€â™‚,neutre
ğŸ’ğŸ¼â€â™‚ï¸,positive
ğŸ’ğŸ¼â€â™‚,positive
ğŸ’ğŸ½â€â™‚ï¸,neutre
ğŸ’ğŸ½â€â™‚,neutre
ğŸ’ğŸ¾â€â™‚ï¸,neutre
ğŸ’ğŸ¾â€â™‚,neutre
ğŸ’ğŸ¿â€â™‚ï¸,positive
ğŸ’ğŸ¿â€â™‚,positive
ğŸ’â€â™€,neutre
ğŸ’ğŸ»â€â™€ï¸,neutre
ğŸ’ğŸ»â€â™€,positive
ğŸ’ğŸ¼â€â™€ï¸,neutre
ğŸ’ğŸ¼â€â™€,positive
ğŸ’ğŸ½â€â™€ï¸,neutre
ğŸ’ğŸ½â€â™€,neutre
ğŸ’ğŸ¾â€â™€ï¸,neutre
ğŸ’ğŸ¾â€â™€,positive
ğŸ’ğŸ¿â€â™€ï¸,positive
ğŸ’ğŸ¿â€â™€,neutre
ğŸ™‹ğŸ»,neutre
ğŸ™‹ğŸ¼,neutre
ğŸ™‹ğŸ½,neutre
ğŸ™‹ğŸ¾,neutre
ğŸ™‹ğŸ¿,neutre
ğŸ™‹â€â™‚,positive
ğŸ™‹ğŸ»â€â™‚ï¸,neutre
ğŸ™‹ğŸ»â€â™‚,neutre
ğŸ™‹ğŸ¼â€â™‚ï¸,neutre
ğŸ™‹ğŸ¼â€â™‚,neutre
ğŸ™‹ğŸ½â€â™‚ï¸,neutre
ğŸ™‹ğŸ½â€â™‚,neutre
ğŸ™‹ğŸ¾â€â™‚ï¸,neutre
ğŸ™‹ğŸ¾â€â™‚,positive
ğŸ™‹ğŸ¿â€â™‚ï¸,neutre
ğŸ™‹ğŸ¿â€â™‚,neutre
ğŸ™‹â€â™€,neutre
ğŸ™‹ğŸ»â€â™€ï¸,positive
ğŸ™‹ğŸ»â€â™€,neutre
ğŸ™‹ğŸ¼â€â™€ï¸,neutre
ğŸ™‹ğŸ¼â€â™€,neutre
ğŸ™‹ğŸ½â€â™€ï¸,neutre
ğŸ™‹ğŸ½â€â™€,neutre
ğŸ™‹ğŸ¾â€â™€ï¸,positive
ğŸ™‹ğŸ¾â€â™€,neutre
ğŸ™‹ğŸ¿â€â™€ï¸,neutre
ğŸ™‹ğŸ¿â€â™€,neutre
ğŸ§ğŸ»,neutre
ğŸ§ğŸ¼,neutre
ğŸ§ğŸ½,neutre
ğŸ§ğŸ¾,positive
ğŸ§ğŸ¿,positive
ğŸ§â€â™‚,positive
ğŸ§ğŸ»â€â™‚ï¸,positive
ğŸ§ğŸ»â€â™‚,neutre
ğŸ§ğŸ¼â€â™‚ï¸,positive
ğŸ§ğŸ¼â€â™‚,neutre
ğŸ§ğŸ½â€â™‚ï¸,neutre
ğŸ§ğŸ½â€â™‚,neutre
ğŸ§ğŸ¾â€â™‚ï¸,neutre
ğŸ§ğŸ¾â€â™‚,neutre
ğŸ§ğŸ¿â€â™‚ï¸,neutre
ğŸ§ğŸ¿â€â™‚,neutre
ğŸ§â€â™€,positive
ğŸ§ğŸ»â€â™€ï¸,neutre
ğŸ§ğŸ»â€â™€,positive
ğŸ§ğŸ¼â€â™€ï¸,neutre
ğŸ§ğŸ¼â€â™€,neutre
ğŸ§ğŸ½â€â™€ï¸,neutre
ğŸ§ğŸ½â€â™€,neutre
ğŸ§ğŸ¾â€â™€ï¸,neutre
ğŸ§ğŸ¾â€â™€,neutre
ğŸ§ğŸ¿â€â™€ï¸,positive
ğŸ§ğŸ¿â€â™€,positive
ğŸ™‡ğŸ»,positive
ğŸ™‡ğŸ¼,neutre
ğŸ™‡ğŸ½,neutre
ğŸ™‡ğŸ¾,neutre
ğŸ™‡ğŸ¿,neutre
ğŸ™‡â€â™‚,neutre
ğŸ™‡ğŸ»â€â™‚ï¸,neutre
ğŸ™‡ğŸ»â€â™‚,neutre
ğŸ™‡ğŸ¼â€â™‚ï¸,positive
ğŸ™‡ğŸ¼â€â™‚,neutre
ğŸ™‡ğŸ½â€â™‚ï¸,neutre
ğŸ™‡ğŸ½â€â™‚,neutre
ğŸ™‡ğŸ¾â€â™‚ï¸,neutre
ğŸ™‡ğŸ¾â€â™‚,neutre
ğŸ™‡ğŸ¿â€â™‚ï¸,neutre
ğŸ™‡ğŸ¿â€â™‚,positive
ğŸ™‡â€â™€,positive
ğŸ™‡ğŸ»â€â™€ï¸,positive
ğŸ™‡ğŸ»â€â™€,neutre
ğŸ™‡ğŸ¼â€â™€ï¸,neutre
ğŸ™‡ğŸ¼â€â™€,neutre
ğŸ™‡ğŸ½â€â™€ï¸,neutre
ğŸ™‡ğŸ½â€â™€,neutre
ğŸ™‡ğŸ¾â€â™€ï¸,neutre
ğŸ™‡ğŸ¾â€â™€,neutre
ğŸ™‡ğŸ¿â€â™€ï¸,neutre
ğŸ™‡ğŸ¿â€â™€,neutre
ğŸ¤¦ğŸ»,neutre
ğŸ¤¦ğŸ¼,neutre
ğŸ¤¦ğŸ½,neutre
ğŸ¤¦ğŸ¾,neutre
ğŸ¤¦ğŸ¿,neutre
ğŸ¤¦â€â™‚,neutre
ğŸ¤¦ğŸ»â€â™‚ï¸,neutre
ğŸ¤¦ğŸ»â€â™‚,neutre
ğŸ¤¦ğŸ¼â€â™‚ï¸,positive
ğŸ¤¦ğŸ¼â€â™‚,neutre
ğŸ¤¦ğŸ½â€â™‚ï¸,neutre
ğŸ¤¦ğŸ½â€â™‚,neutre
ğŸ¤¦ğŸ¾â€â™‚ï¸,neutre
ğŸ¤¦ğŸ¾â€â™‚,positive
ğŸ¤¦ğŸ¿â€â™‚ï¸,neutre
ğŸ¤¦ğŸ¿â€â™‚,neutre
ğŸ¤¦â€â™€,positive
ğŸ¤¦ğŸ»â€â™€ï¸,neutre
ğŸ¤¦ğŸ»â€â™€,neutre
ğŸ¤¦ğŸ¼â€â™€ï¸,neutre
ğŸ¤¦ğŸ¼â€â™€,neutre
ğŸ¤¦ğŸ½â€â™€ï¸,neutre
ğŸ¤¦ğŸ½â€â™€,positive
ğŸ¤¦ğŸ¾â€â™€ï¸,neutre
ğŸ¤¦ğŸ¾â€â™€,neutre
ğŸ¤¦ğŸ¿â€â™€ï¸,negative
ğŸ¤¦ğŸ¿â€â™€,negative
ğŸ¤·ğŸ»,neutre
ğŸ¤·ğŸ¼,neutre
ğŸ¤·ğŸ½,neutre
ğŸ¤·ğŸ¾,neutre
ğŸ¤·ğŸ¿,neutre
ğŸ¤·â€â™‚,neutre
ğŸ¤·ğŸ»â€â™‚ï¸,positive
ğŸ¤·ğŸ»â€â™‚,neutre
ğŸ¤·ğŸ¼â€â™‚ï¸,neutre
ğŸ¤·ğŸ¼â€â™‚,neutre
ğŸ¤·ğŸ½â€â™‚ï¸,positive
ğŸ¤·ğŸ½â€â™‚,neutre
ğŸ¤·ğŸ¾â€â™‚ï¸,neutre
ğŸ¤·ğŸ¾â€â™‚,neutre
ğŸ¤·ğŸ¿â€â™‚ï¸,neutre
ğŸ¤·ğŸ¿â€â™‚,neutre
ğŸ¤·â€â™€,negative
ğŸ¤·ğŸ»â€â™€ï¸,neutre
ğŸ¤·ğŸ»â€â™€,neutre
ğŸ¤·ğŸ¼â€â™€ï¸,neutre
ğŸ¤·ğŸ¼â€â™€,neutre
ğŸ¤·ğŸ½â€â™€ï¸,neutre
ğŸ¤·ğŸ½â€â™€,positive
ğŸ¤·ğŸ¾â€â™€ï¸,neutre
ğŸ¤·ğŸ¾â€â™€,neutre
ğŸ¤·ğŸ¿â€â™€ï¸,neutre
ğŸ¤·ğŸ¿â€â™€,neutre
ğŸ§‘â€âš•,positive
ğŸ§‘ğŸ»â€âš•ï¸,neutre
ğŸ§‘ğŸ»â€âš•,neutre
ğŸ§‘ğŸ¼â€âš•ï¸,positive
ğŸ§‘ğŸ¼â€âš•,neutre
ğŸ§‘ğŸ½â€âš•ï¸,neutre
ğŸ§‘ğŸ½â€âš•,neutre
ğŸ§‘ğŸ¾â€âš•ï¸,positive
ğŸ§‘ğŸ¾â€âš•,neutre
ğŸ§‘ğŸ¿â€âš•ï¸,neutre
ğŸ§‘ğŸ¿â€âš•,neutre
ğŸ‘¨â€âš•,neutre
ğŸ‘¨ğŸ»â€âš•ï¸,neutre
ğŸ‘¨ğŸ»â€âš•,positive
ğŸ‘¨ğŸ¼â€âš•ï¸,positive
ğŸ‘¨ğŸ¼â€âš•,neutre
ğŸ‘¨ğŸ½â€âš•ï¸,neutre
ğŸ‘¨ğŸ½â€âš•,neutre
ğŸ‘¨ğŸ¾â€âš•ï¸,neutre
ğŸ‘¨ğŸ¾â€âš•,positive
ğŸ‘¨ğŸ¿â€âš•ï¸,neutre
ğŸ‘¨ğŸ¿â€âš•,neutre
ğŸ‘©â€âš•,positive
ğŸ‘©ğŸ»â€âš•ï¸,neutre
ğŸ‘©ğŸ»â€âš•,neutre
ğŸ‘©ğŸ¼â€âš•ï¸,neutre
ğŸ‘©ğŸ¼â€âš•,neutre
ğŸ‘©ğŸ½â€âš•ï¸,neutre
ğŸ‘©ğŸ½â€âš•,neutre
ğŸ‘©ğŸ¾â€âš•ï¸,neutre
ğŸ‘©ğŸ¾â€âš•,neutre
ğŸ‘©ğŸ¿â€âš•ï¸,neutre
ğŸ‘©ğŸ¿â€âš•,neutre
ğŸ§‘ğŸ»â€ğŸ“,positive
ğŸ§‘ğŸ¼â€ğŸ“,positive
ğŸ§‘ğŸ½â€ğŸ“,neutre
ğŸ§‘ğŸ¾â€ğŸ“,neutre
ğŸ§‘ğŸ¿â€ğŸ“,neutre
ğŸ‘¨ğŸ»â€ğŸ“,neutre
ğŸ‘¨ğŸ¼â€ğŸ“,neutre
ğŸ‘¨ğŸ½â€ğŸ“,positive
ğŸ‘¨ğŸ¾â€ğŸ“,neutre
ğŸ‘¨ğŸ¿â€ğŸ“,negative
ğŸ‘©ğŸ»â€ğŸ“,positive
ğŸ‘©ğŸ¼â€ğŸ“,neutre
ğŸ‘©ğŸ½â€ğŸ“,neutre
ğŸ‘©ğŸ¾â€ğŸ“,neutre
ğŸ‘©ğŸ¿â€ğŸ“,neutre
ğŸ§‘ğŸ»â€ğŸ«,neutre
ğŸ§‘ğŸ¼â€ğŸ«,neutre
ğŸ§‘ğŸ½â€ğŸ«,positive
ğŸ§‘ğŸ¾â€ğŸ«,positive
ğŸ§‘ğŸ¿â€ğŸ«,positive
ğŸ‘¨ğŸ»â€ğŸ«,neutre
ğŸ‘¨ğŸ¼â€ğŸ«,positive
ğŸ‘¨ğŸ½â€ğŸ«,positive
ğŸ‘¨ğŸ¾â€ğŸ«,neutre
ğŸ‘¨ğŸ¿â€ğŸ«,neutre
ğŸ‘©ğŸ»â€ğŸ«,neutre
ğŸ‘©ğŸ¼â€ğŸ«,positive
ğŸ‘©ğŸ½â€ğŸ«,neutre
ğŸ‘©ğŸ¾â€ğŸ«,positive
ğŸ‘©ğŸ¿â€ğŸ«,neutre
ğŸ§‘â€âš–,positive
ğŸ§‘ğŸ»â€âš–ï¸,positive
ğŸ§‘ğŸ»â€âš–,neutre
ğŸ§‘ğŸ¼â€âš–ï¸,positive
ğŸ§‘ğŸ¼â€âš–,positive
ğŸ§‘ğŸ½â€âš–ï¸,neutre
ğŸ§‘ğŸ½â€âš–,neutre
ğŸ§‘ğŸ¾â€âš–ï¸,positive
ğŸ§‘ğŸ¾â€âš–,neutre
ğŸ§‘ğŸ¿â€âš–ï¸,positive
ğŸ§‘ğŸ¿â€âš–,positive
ğŸ‘¨â€âš–,positive
ğŸ‘¨ğŸ»â€âš–ï¸,neutre
ğŸ‘¨ğŸ»â€âš–,neutre
ğŸ‘¨ğŸ¼â€âš–ï¸,neutre
ğŸ‘¨ğŸ¼â€âš–,neutre
ğŸ‘¨ğŸ½â€âš–ï¸,neutre
ğŸ‘¨ğŸ½â€âš–,neutre
ğŸ‘¨ğŸ¾â€âš–ï¸,neutre
ğŸ‘¨ğŸ¾â€âš–,neutre
ğŸ‘¨ğŸ¿â€âš–ï¸,positive
ğŸ‘¨ğŸ¿â€âš–,positive
ğŸ‘©â€âš–,neutre
ğŸ‘©ğŸ»â€âš–ï¸,neutre
ğŸ‘©ğŸ»â€âš–,neutre
ğŸ‘©ğŸ¼â€âš–ï¸,neutre
ğŸ‘©ğŸ¼â€âš–,positive
ğŸ‘©ğŸ½â€âš–ï¸,neutre
ğŸ‘©ğŸ½â€âš–,neutre
ğŸ‘©ğŸ¾â€âš–ï¸,neutre
ğŸ‘©ğŸ¾â€âš–,positive
ğŸ‘©ğŸ¿â€âš–ï¸,neutre
ğŸ‘©ğŸ¿â€âš–,neutre
ğŸ§‘ğŸ»â€ğŸŒ¾,positive
ğŸ§‘ğŸ¼â€ğŸŒ¾,positive
ğŸ§‘ğŸ½â€ğŸŒ¾,neutre
ğŸ§‘ğŸ¾â€ğŸŒ¾,positive
ğŸ§‘ğŸ¿â€ğŸŒ¾,neutre
ğŸ‘¨ğŸ»â€ğŸŒ¾,neutre
ğŸ‘¨ğŸ¼â€ğŸŒ¾,neutre
ğŸ‘¨ğŸ½â€ğŸŒ¾,neutre
ğŸ‘¨ğŸ¾â€ğŸŒ¾,neutre
ğŸ‘¨ğŸ¿â€ğŸŒ¾,neutre
ğŸ‘©ğŸ»â€ğŸŒ¾,neutre
ğŸ‘©ğŸ¼â€ğŸŒ¾,neutre
ğŸ‘©ğŸ½â€ğŸŒ¾,neutre
ğŸ‘©ğŸ¾â€ğŸŒ¾,positive
ğŸ‘©ğŸ¿â€ğŸŒ¾,positive
ğŸ§‘ğŸ»â€ğŸ³,neutre
ğŸ§‘ğŸ¼â€ğŸ³,neutre
ğŸ§‘ğŸ½â€ğŸ³,neutre
ğŸ§‘ğŸ¾â€ğŸ³,neutre
ğŸ§‘ğŸ¿â€ğŸ³,neutre
ğŸ‘¨ğŸ»â€ğŸ³,neutre
ğŸ‘¨ğŸ¼â€ğŸ³,positive
ğŸ‘¨ğŸ½â€ğŸ³,neutre
ğŸ‘¨ğŸ¾â€ğŸ³,neutre
ğŸ‘¨ğŸ¿â€ğŸ³,neutre
ğŸ‘©ğŸ»â€ğŸ³,neutre
ğŸ‘©ğŸ¼â€ğŸ³,positive
ğŸ‘©ğŸ½â€ğŸ³,positive
ğŸ‘©ğŸ¾â€ğŸ³,neutre
ğŸ‘©ğŸ¿â€ğŸ³,neutre
ğŸ§‘ğŸ»â€ğŸ”§,neutre
ğŸ§‘ğŸ¼â€ğŸ”§,positive
ğŸ§‘ğŸ½â€ğŸ”§,neutre
ğŸ§‘ğŸ¾â€ğŸ”§,neutre
ğŸ§‘ğŸ¿â€ğŸ”§,positive
ğŸ‘¨ğŸ»â€ğŸ”§,neutre
ğŸ‘¨ğŸ¼â€ğŸ”§,neutre
ğŸ‘¨ğŸ½â€ğŸ”§,neutre
ğŸ‘¨ğŸ¾â€ğŸ”§,neutre
ğŸ‘¨ğŸ¿â€ğŸ”§,neutre
ğŸ‘©ğŸ»â€ğŸ”§,positive
ğŸ‘©ğŸ¼â€ğŸ”§,neutre
ğŸ‘©ğŸ½â€ğŸ”§,positive
ğŸ‘©ğŸ¾â€ğŸ”§,neutre
ğŸ‘©ğŸ¿â€ğŸ”§,neutre
ğŸ§‘ğŸ»â€ğŸ­,positive
ğŸ§‘ğŸ¼â€ğŸ­,positive
ğŸ§‘ğŸ½â€ğŸ­,positive
ğŸ§‘ğŸ¾â€ğŸ­,positive
ğŸ§‘ğŸ¿â€ğŸ­,positive
ğŸ‘¨ğŸ»â€ğŸ­,neutre
ğŸ‘¨ğŸ¼â€ğŸ­,neutre
ğŸ‘¨ğŸ½â€ğŸ­,neutre
ğŸ‘¨ğŸ¾â€ğŸ­,neutre
ğŸ‘¨ğŸ¿â€ğŸ­,neutre
ğŸ‘©ğŸ»â€ğŸ­,positive
ğŸ‘©ğŸ¼â€ğŸ­,positive
ğŸ‘©ğŸ½â€ğŸ­,neutre
ğŸ‘©ğŸ¾â€ğŸ­,neutre
ğŸ‘©ğŸ¿â€ğŸ­,neutre
ğŸ§‘ğŸ»â€ğŸ’¼,positive
ğŸ§‘ğŸ¼â€ğŸ’¼,positive
ğŸ§‘ğŸ½â€ğŸ’¼,positive
ğŸ§‘ğŸ¾â€ğŸ’¼,negative
ğŸ§‘ğŸ¿â€ğŸ’¼,positive
ğŸ‘¨ğŸ»â€ğŸ’¼,neutre
ğŸ‘¨ğŸ¼â€ğŸ’¼,neutre
ğŸ‘¨ğŸ½â€ğŸ’¼,positive
ğŸ‘¨ğŸ¾â€ğŸ’¼,neutre
ğŸ‘¨ğŸ¿â€ğŸ’¼,neutre
ğŸ‘©ğŸ»â€ğŸ’¼,negative
ğŸ‘©ğŸ¼â€ğŸ’¼,neutre
ğŸ‘©ğŸ½â€ğŸ’¼,positive
ğŸ‘©ğŸ¾â€ğŸ’¼,neutre
ğŸ‘©ğŸ¿â€ğŸ’¼,neutre
ğŸ§‘ğŸ»â€ğŸ”¬,positive
ğŸ§‘ğŸ¼â€ğŸ”¬,positive
ğŸ§‘ğŸ½â€ğŸ”¬,neutre
ğŸ§‘ğŸ¾â€ğŸ”¬,positive
ğŸ§‘ğŸ¿â€ğŸ”¬,neutre
ğŸ‘¨ğŸ»â€ğŸ”¬,neutre
ğŸ‘¨ğŸ¼â€ğŸ”¬,neutre
ğŸ‘¨ğŸ½â€ğŸ”¬,neutre
ğŸ‘¨ğŸ¾â€ğŸ”¬,neutre
ğŸ‘¨ğŸ¿â€ğŸ”¬,neutre
ğŸ‘©ğŸ»â€ğŸ”¬,neutre
ğŸ‘©ğŸ¼â€ğŸ”¬,neutre
ğŸ‘©ğŸ½â€ğŸ”¬,neutre
ğŸ‘©ğŸ¾â€ğŸ”¬,neutre
ğŸ‘©ğŸ¿â€ğŸ”¬,neutre
ğŸ§‘ğŸ»â€ğŸ’»,neutre
ğŸ§‘ğŸ¼â€ğŸ’»,positive
ğŸ§‘ğŸ½â€ğŸ’»,positive
ğŸ§‘ğŸ¾â€ğŸ’»,positive
ğŸ§‘ğŸ¿â€ğŸ’»,neutre
ğŸ‘¨ğŸ»â€ğŸ’»,neutre
ğŸ‘¨ğŸ¼â€ğŸ’»,positive
ğŸ‘¨ğŸ½â€ğŸ’»,neutre
ğŸ‘¨ğŸ¾â€ğŸ’»,neutre
ğŸ‘¨ğŸ¿â€ğŸ’»,neutre
ğŸ‘©ğŸ»â€ğŸ’»,neutre
ğŸ‘©ğŸ¼â€ğŸ’»,neutre
ğŸ‘©ğŸ½â€ğŸ’»,positive
ğŸ‘©ğŸ¾â€ğŸ’»,neutre
ğŸ‘©ğŸ¿â€ğŸ’»,neutre
ğŸ§‘ğŸ»â€ğŸ¤,neutre
ğŸ§‘ğŸ¼â€ğŸ¤,positive
ğŸ§‘ğŸ½â€ğŸ¤,neutre
ğŸ§‘ğŸ¾â€ğŸ¤,neutre
ğŸ§‘ğŸ¿â€ğŸ¤,neutre
ğŸ‘¨ğŸ»â€ğŸ¤,neutre
ğŸ‘¨ğŸ¼â€ğŸ¤,positive
ğŸ‘¨ğŸ½â€ğŸ¤,neutre
ğŸ‘¨ğŸ¾â€ğŸ¤,positive
ğŸ‘¨ğŸ¿â€ğŸ¤,neutre
ğŸ‘©ğŸ»â€ğŸ¤,negative
ğŸ‘©ğŸ¼â€ğŸ¤,positive
ğŸ‘©ğŸ½â€ğŸ¤,neutre
ğŸ‘©ğŸ¾â€ğŸ¤,neutre
ğŸ‘©ğŸ¿â€ğŸ¤,neutre
ğŸ§‘ğŸ»â€ğŸ¨,neutre
ğŸ§‘ğŸ¼â€ğŸ¨,positive
ğŸ§‘ğŸ½â€ğŸ¨,neutre
ğŸ§‘ğŸ¾â€ğŸ¨,neutre
ğŸ§‘ğŸ¿â€ğŸ¨,neutre
ğŸ‘¨ğŸ»â€ğŸ¨,positive
ğŸ‘¨ğŸ¼â€ğŸ¨,neutre
ğŸ‘¨ğŸ½â€ğŸ¨,positive
ğŸ‘¨ğŸ¾â€ğŸ¨,positive
ğŸ‘¨ğŸ¿â€ğŸ¨,neutre
ğŸ‘©ğŸ»â€ğŸ¨,neutre
ğŸ‘©ğŸ¼â€ğŸ¨,positive
ğŸ‘©ğŸ½â€ğŸ¨,neutre
ğŸ‘©ğŸ¾â€ğŸ¨,neutre
ğŸ‘©ğŸ¿â€ğŸ¨,neutre
ğŸ§‘â€âœˆ,neutre
ğŸ§‘ğŸ»â€âœˆï¸,positive
ğŸ§‘ğŸ»â€âœˆ,neutre
ğŸ§‘ğŸ¼â€âœˆï¸,neutre
ğŸ§‘ğŸ¼â€âœˆ,neutre
ğŸ§‘ğŸ½â€âœˆï¸,neutre
ğŸ§‘ğŸ½â€âœˆ,positive
ğŸ§‘ğŸ¾â€âœˆï¸,neutre
ğŸ§‘ğŸ¾â€âœˆ,positive
ğŸ§‘ğŸ¿â€âœˆï¸,positive
ğŸ§‘ğŸ¿â€âœˆ,neutre
ğŸ‘¨â€âœˆ,neutre
ğŸ‘¨ğŸ»â€âœˆï¸,neutre
ğŸ‘¨ğŸ»â€âœˆ,positive
ğŸ‘¨ğŸ¼â€âœˆï¸,neutre
ğŸ‘¨ğŸ¼â€âœˆ,positive
ğŸ‘¨ğŸ½â€âœˆï¸,neutre
ğŸ‘¨ğŸ½â€âœˆ,neutre
ğŸ‘¨ğŸ¾â€âœˆï¸,neutre
ğŸ‘¨ğŸ¾â€âœˆ,positive
ğŸ‘¨ğŸ¿â€âœˆï¸,neutre
ğŸ‘¨ğŸ¿â€âœˆ,neutre
ğŸ‘©â€âœˆ,neutre
ğŸ‘©ğŸ»â€âœˆï¸,positive
ğŸ‘©ğŸ»â€âœˆ,neutre
ğŸ‘©ğŸ¼â€âœˆï¸,neutre
ğŸ‘©ğŸ¼â€âœˆ,neutre
ğŸ‘©ğŸ½â€âœˆï¸,positive
ğŸ‘©ğŸ½â€âœˆ,neutre
ğŸ‘©ğŸ¾â€âœˆï¸,neutre
ğŸ‘©ğŸ¾â€âœˆ,neutre
ğŸ‘©ğŸ¿â€âœˆï¸,neutre
ğŸ‘©ğŸ¿â€âœˆ,neutre
ğŸ§‘ğŸ»â€ğŸš€,neutre
ğŸ§‘ğŸ¼â€ğŸš€,neutre
ğŸ§‘ğŸ½â€ğŸš€,neutre
ğŸ§‘ğŸ¾â€ğŸš€,neutre
ğŸ§‘ğŸ¿â€ğŸš€,neutre
ğŸ‘¨ğŸ»â€ğŸš€,neutre
ğŸ‘¨ğŸ¼â€ğŸš€,neutre
ğŸ‘¨ğŸ½â€ğŸš€,neutre
ğŸ‘¨ğŸ¾â€ğŸš€,positive
ğŸ‘¨ğŸ¿â€ğŸš€,neutre
ğŸ‘©ğŸ»â€ğŸš€,neutre
ğŸ‘©ğŸ¼â€ğŸš€,neutre
ğŸ‘©ğŸ½â€ğŸš€,neutre
ğŸ‘©ğŸ¾â€ğŸš€,neutre
ğŸ‘©ğŸ¿â€ğŸš€,neutre
ğŸ§‘ğŸ»â€ğŸš’,neutre
ğŸ§‘ğŸ¼â€ğŸš’,positive
ğŸ§‘ğŸ½â€ğŸš’,neutre
ğŸ§‘ğŸ¾â€ğŸš’,neutre
ğŸ§‘ğŸ¿â€ğŸš’,neutre
ğŸ‘¨ğŸ»â€ğŸš’,neutre
ğŸ‘¨ğŸ¼â€ğŸš’,neutre
ğŸ‘¨ğŸ½â€ğŸš’,neutre
ğŸ‘¨ğŸ¾â€ğŸš’,positive
ğŸ‘¨ğŸ¿â€ğŸš’,neutre
ğŸ‘©ğŸ»â€ğŸš’,neutre
ğŸ‘©ğŸ¼â€ğŸš’,neutre
ğŸ‘©ğŸ½â€ğŸš’,positive
ğŸ‘©ğŸ¾â€ğŸš’,neutre
ğŸ‘©ğŸ¿â€ğŸš’,neutre
ğŸ‘®ğŸ»,positive
ğŸ‘®ğŸ¼,neutre
ğŸ‘®ğŸ½,positive
ğŸ‘®ğŸ¾,neutre
ğŸ‘®ğŸ¿,neutre
ğŸ‘®â€â™‚,neutre
ğŸ‘®ğŸ»â€â™‚ï¸,neutre
ğŸ‘®ğŸ»â€â™‚,neutre
ğŸ‘®ğŸ¼â€â™‚ï¸,neutre
ğŸ‘®ğŸ¼â€â™‚,neutre
ğŸ‘®ğŸ½â€â™‚ï¸,neutre
ğŸ‘®ğŸ½â€â™‚,neutre
ğŸ‘®ğŸ¾â€â™‚ï¸,neutre
ğŸ‘®ğŸ¾â€â™‚,neutre
ğŸ‘®ğŸ¿â€â™‚ï¸,positive
ğŸ‘®ğŸ¿â€â™‚,neutre
ğŸ‘®â€â™€,neutre
ğŸ‘®ğŸ»â€â™€ï¸,neutre
ğŸ‘®ğŸ»â€â™€,neutre
ğŸ‘®ğŸ¼â€â™€ï¸,neutre
ğŸ‘®ğŸ¼â€â™€,neutre
ğŸ‘®ğŸ½â€â™€ï¸,neutre
ğŸ‘®ğŸ½â€â™€,neutre
ğŸ‘®ğŸ¾â€â™€ï¸,positive
ğŸ‘®ğŸ¾â€â™€,positive
ğŸ‘®ğŸ¿â€â™€ï¸,neutre
ğŸ‘®ğŸ¿â€â™€,positive
ğŸ•µï¸,negative
ğŸ•µğŸ»,neutre
ğŸ•µğŸ¼,neutre
ğŸ•µğŸ½,neutre
ğŸ•µğŸ¾,neutre
ğŸ•µğŸ¿,neutre
ğŸ•µâ€â™‚ï¸,neutre
ğŸ•µï¸â€â™‚,neutre
ğŸ•µâ€â™‚,neutre
ğŸ•µğŸ»â€â™‚ï¸,neutre
ğŸ•µğŸ»â€â™‚,positive
ğŸ•µğŸ¼â€â™‚ï¸,positive
ğŸ•µğŸ¼â€â™‚,positive
ğŸ•µğŸ½â€â™‚ï¸,neutre
ğŸ•µğŸ½â€â™‚,positive
ğŸ•µğŸ¾â€â™‚ï¸,positive
ğŸ•µğŸ¾â€â™‚,positive
ğŸ•µğŸ¿â€â™‚ï¸,neutre
ğŸ•µğŸ¿â€â™‚,neutre
ğŸ•µâ€â™€ï¸,positive
ğŸ•µï¸â€â™€,neutre
ğŸ•µâ€â™€,neutre
ğŸ•µğŸ»â€â™€ï¸,neutre
ğŸ•µğŸ»â€â™€,positive
ğŸ•µğŸ¼â€â™€ï¸,positive
ğŸ•µğŸ¼â€â™€,neutre
ğŸ•µğŸ½â€â™€ï¸,neutre
ğŸ•µğŸ½â€â™€,positive
ğŸ•µğŸ¾â€â™€ï¸,neutre
ğŸ•µğŸ¾â€â™€,neutre
ğŸ•µğŸ¿â€â™€ï¸,positive
ğŸ•µğŸ¿â€â™€,neutre
ğŸ’‚ğŸ»,positive
ğŸ’‚ğŸ¼,neutre
ğŸ’‚ğŸ½,positive
ğŸ’‚ğŸ¾,neutre
ğŸ’‚ğŸ¿,neutre
ğŸ’‚â€â™‚,neutre
ğŸ’‚ğŸ»â€â™‚ï¸,neutre
ğŸ’‚ğŸ»â€â™‚,positive
ğŸ’‚ğŸ¼â€â™‚ï¸,positive
ğŸ’‚ğŸ¼â€â™‚,neutre
ğŸ’‚ğŸ½â€â™‚ï¸,neutre
ğŸ’‚ğŸ½â€â™‚,positive
ğŸ’‚ğŸ¾â€â™‚ï¸,neutre
ğŸ’‚ğŸ¾â€â™‚,positive
ğŸ’‚ğŸ¿â€â™‚ï¸,neutre
ğŸ’‚ğŸ¿â€â™‚,neutre
ğŸ’‚â€â™€,neutre
ğŸ’‚ğŸ»â€â™€ï¸,neutre
ğŸ’‚ğŸ»â€â™€,neutre
ğŸ’‚ğŸ¼â€â™€ï¸,neutre
ğŸ’‚ğŸ¼â€â™€,neutre
ğŸ’‚ğŸ½â€â™€ï¸,neutre
ğŸ’‚ğŸ½â€â™€,neutre
ğŸ’‚ğŸ¾â€â™€ï¸,neutre
ğŸ’‚ğŸ¾â€â™€,positive
ğŸ’‚ğŸ¿â€â™€ï¸,positive
ğŸ’‚ğŸ¿â€â™€,neutre
ğŸ¥·ğŸ»,positive
ğŸ¥·ğŸ¼,neutre
ğŸ¥·ğŸ½,neutre
ğŸ¥·ğŸ¾,neutre
ğŸ¥·ğŸ¿,positive
ğŸ‘·ğŸ»,neutre
ğŸ‘·ğŸ¼,positive
ğŸ‘·ğŸ½,neutre
ğŸ‘·ğŸ¾,negative
ğŸ‘·ğŸ¿,neutre
ğŸ‘·â€â™‚,neutre
ğŸ‘·ğŸ»â€â™‚ï¸,neutre
ğŸ‘·ğŸ»â€â™‚,positive
ğŸ‘·ğŸ¼â€â™‚ï¸,neutre
ğŸ‘·ğŸ¼â€â™‚,neutre
ğŸ‘·ğŸ½â€â™‚ï¸,neutre
ğŸ‘·ğŸ½â€â™‚,positive
ğŸ‘·ğŸ¾â€â™‚ï¸,neutre
ğŸ‘·ğŸ¾â€â™‚,neutre
ğŸ‘·ğŸ¿â€â™‚ï¸,neutre
ğŸ‘·ğŸ¿â€â™‚,neutre
ğŸ‘·â€â™€,neutre
ğŸ‘·ğŸ»â€â™€ï¸,neutre
ğŸ‘·ğŸ»â€â™€,positive
ğŸ‘·ğŸ¼â€â™€ï¸,neutre
ğŸ‘·ğŸ¼â€â™€,neutre
ğŸ‘·ğŸ½â€â™€ï¸,neutre
ğŸ‘·ğŸ½â€â™€,neutre
ğŸ‘·ğŸ¾â€â™€ï¸,neutre
ğŸ‘·ğŸ¾â€â™€,positive
ğŸ‘·ğŸ¿â€â™€ï¸,neutre
ğŸ‘·ğŸ¿â€â™€,neutre
ğŸ«…,neutre
ğŸ«…ğŸ»,neutre
ğŸ«…ğŸ¼,positive
ğŸ«…ğŸ½,neutre
ğŸ«…ğŸ¾,neutre
ğŸ«…ğŸ¿,neutre
ğŸ¤´ğŸ»,neutre
ğŸ¤´ğŸ¼,neutre
ğŸ¤´ğŸ½,neutre
ğŸ¤´ğŸ¾,neutre
ğŸ¤´ğŸ¿,neutre
ğŸ‘¸ğŸ»,positive
ğŸ‘¸ğŸ¼,neutre
ğŸ‘¸ğŸ½,neutre
ğŸ‘¸ğŸ¾,neutre
ğŸ‘¸ğŸ¿,neutre
ğŸ‘³ğŸ»,neutre
ğŸ‘³ğŸ¼,neutre
ğŸ‘³ğŸ½,neutre
ğŸ‘³ğŸ¾,positive
ğŸ‘³ğŸ¿,neutre
ğŸ‘³â€â™‚,neutre
ğŸ‘³ğŸ»â€â™‚ï¸,neutre
ğŸ‘³ğŸ»â€â™‚,neutre
ğŸ‘³ğŸ¼â€â™‚ï¸,neutre
ğŸ‘³ğŸ¼â€â™‚,positive
ğŸ‘³ğŸ½â€â™‚ï¸,neutre
ğŸ‘³ğŸ½â€â™‚,neutre
ğŸ‘³ğŸ¾â€â™‚ï¸,neutre
ğŸ‘³ğŸ¾â€â™‚,neutre
ğŸ‘³ğŸ¿â€â™‚ï¸,neutre
ğŸ‘³ğŸ¿â€â™‚,neutre
ğŸ‘³â€â™€,neutre
ğŸ‘³ğŸ»â€â™€ï¸,neutre
ğŸ‘³ğŸ»â€â™€,neutre
ğŸ‘³ğŸ¼â€â™€ï¸,neutre
ğŸ‘³ğŸ¼â€â™€,neutre
ğŸ‘³ğŸ½â€â™€ï¸,positive
ğŸ‘³ğŸ½â€â™€,neutre
ğŸ‘³ğŸ¾â€â™€ï¸,neutre
ğŸ‘³ğŸ¾â€â™€,positive
ğŸ‘³ğŸ¿â€â™€ï¸,positive
ğŸ‘³ğŸ¿â€â™€,neutre
ğŸ‘²ğŸ»,positive
ğŸ‘²ğŸ¼,positive
ğŸ‘²ğŸ½,positive
ğŸ‘²ğŸ¾,neutre
ğŸ‘²ğŸ¿,neutre
ğŸ§•ğŸ»,neutre
ğŸ§•ğŸ¼,neutre
ğŸ§•ğŸ½,neutre
ğŸ§•ğŸ¾,positive
ğŸ§•ğŸ¿,positive
ğŸ¤µğŸ»,positive
ğŸ¤µğŸ¼,neutre
ğŸ¤µğŸ½,neutre
ğŸ¤µğŸ¾,positive
ğŸ¤µğŸ¿,positive
ğŸ¤µâ€â™‚,neutre
ğŸ¤µğŸ»â€â™‚ï¸,neutre
ğŸ¤µğŸ»â€â™‚,neutre
ğŸ¤µğŸ¼â€â™‚ï¸,neutre
ğŸ¤µğŸ¼â€â™‚,neutre
ğŸ¤µğŸ½â€â™‚ï¸,neutre
ğŸ¤µğŸ½â€â™‚,neutre
ğŸ¤µğŸ¾â€â™‚ï¸,neutre
ğŸ¤µğŸ¾â€â™‚,negative
ğŸ¤µğŸ¿â€â™‚ï¸,neutre
ğŸ¤µğŸ¿â€â™‚,neutre
ğŸ¤µâ€â™€,positive
ğŸ¤µğŸ»â€â™€ï¸,neutre
ğŸ¤µğŸ»â€â™€,neutre
ğŸ¤µğŸ¼â€â™€ï¸,neutre
ğŸ¤µğŸ¼â€â™€,neutre
ğŸ¤µğŸ½â€â™€ï¸,positive
ğŸ¤µğŸ½â€â™€,neutre
ğŸ¤µğŸ¾â€â™€ï¸,positive
ğŸ¤µğŸ¾â€â™€,positive
ğŸ¤µğŸ¿â€â™€ï¸,positive
ğŸ¤µğŸ¿â€â™€,neutre
ğŸ‘°ğŸ»,neutre
ğŸ‘°ğŸ¼,neutre
ğŸ‘°ğŸ½,neutre
ğŸ‘°ğŸ¾,positive
ğŸ‘°ğŸ¿,neutre
ğŸ‘°â€â™‚,neutre
ğŸ‘°ğŸ»â€â™‚ï¸,neutre
ğŸ‘°ğŸ»â€â™‚,neutre
ğŸ‘°ğŸ¼â€â™‚ï¸,neutre
ğŸ‘°ğŸ¼â€â™‚,positive
ğŸ‘°ğŸ½â€â™‚ï¸,positive
ğŸ‘°ğŸ½â€â™‚,neutre
ğŸ‘°ğŸ¾â€â™‚ï¸,negative
ğŸ‘°ğŸ¾â€â™‚,neutre
ğŸ‘°ğŸ¿â€â™‚ï¸,positive
ğŸ‘°ğŸ¿â€â™‚,neutre
ğŸ‘°â€â™€,positive
ğŸ‘°ğŸ»â€â™€ï¸,neutre
ğŸ‘°ğŸ»â€â™€,neutre
ğŸ‘°ğŸ¼â€â™€ï¸,neutre
ğŸ‘°ğŸ¼â€â™€,positive
ğŸ‘°ğŸ½â€â™€ï¸,positive
ğŸ‘°ğŸ½â€â™€,neutre
ğŸ‘°ğŸ¾â€â™€ï¸,neutre
ğŸ‘°ğŸ¾â€â™€,positive
ğŸ‘°ğŸ¿â€â™€ï¸,positive
ğŸ‘°ğŸ¿â€â™€,neutre
ğŸ¤°ğŸ»,positive
ğŸ¤°ğŸ¼,positive
ğŸ¤°ğŸ½,neutre
ğŸ¤°ğŸ¾,neutre
ğŸ¤°ğŸ¿,neutre
ğŸ«ƒ,negative
ğŸ«ƒğŸ»,positive
ğŸ«ƒğŸ¼,neutre
ğŸ«ƒğŸ½,positive
ğŸ«ƒğŸ¾,positive
ğŸ«ƒğŸ¿,positive
ğŸ«„,positive
ğŸ«„ğŸ»,negative
ğŸ«„ğŸ¼,neutre
ğŸ«„ğŸ½,neutre
ğŸ«„ğŸ¾,positive
ğŸ«„ğŸ¿,neutre
ğŸ¤±ğŸ»,neutre
ğŸ¤±ğŸ¼,neutre
ğŸ¤±ğŸ½,neutre
ğŸ¤±ğŸ¾,positive
ğŸ¤±ğŸ¿,positive
ğŸ‘©ğŸ»â€ğŸ¼,neutre
ğŸ‘©ğŸ¼â€ğŸ¼,positive
ğŸ‘©ğŸ½â€ğŸ¼,neutre
ğŸ‘©ğŸ¾â€ğŸ¼,neutre
ğŸ‘©ğŸ¿â€ğŸ¼,neutre
ğŸ‘¨ğŸ»â€ğŸ¼,neutre
ğŸ‘¨ğŸ¼â€ğŸ¼,neutre
ğŸ‘¨ğŸ½â€ğŸ¼,negative
ğŸ‘¨ğŸ¾â€ğŸ¼,positive
ğŸ‘¨ğŸ¿â€ğŸ¼,neutre
ğŸ§‘ğŸ»â€ğŸ¼,positive
ğŸ§‘ğŸ¼â€ğŸ¼,neutre
ğŸ§‘ğŸ½â€ğŸ¼,neutre
ğŸ§‘ğŸ¾â€ğŸ¼,positive
ğŸ§‘ğŸ¿â€ğŸ¼,neutre
ğŸ‘¼ğŸ»,neutre
ğŸ‘¼ğŸ¼,neutre
ğŸ‘¼ğŸ½,positive
ğŸ‘¼ğŸ¾,neutre
ğŸ‘¼ğŸ¿,neutre
ğŸ…ğŸ»,neutre
ğŸ…ğŸ¼,neutre
ğŸ…ğŸ½,neutre
ğŸ…ğŸ¾,neutre
ğŸ…ğŸ¿,negative
ğŸ¤¶ğŸ»,positive
ğŸ¤¶ğŸ¼,neutre
ğŸ¤¶ğŸ½,neutre
ğŸ¤¶ğŸ¾,neutre
ğŸ¤¶ğŸ¿,neutre
ğŸ§‘ğŸ»â€ğŸ„,neutre
ğŸ§‘ğŸ¼â€ğŸ„,neutre
ğŸ§‘ğŸ½â€ğŸ„,neutre
ğŸ§‘ğŸ¾â€ğŸ„,neutre
ğŸ§‘ğŸ¿â€ğŸ„,neutre
ğŸ¦¸ğŸ»,positive
ğŸ¦¸ğŸ¼,neutre
ğŸ¦¸ğŸ½,neutre
ğŸ¦¸ğŸ¾,neutre
ğŸ¦¸ğŸ¿,positive
ğŸ¦¸â€â™‚,positive
ğŸ¦¸ğŸ»â€â™‚ï¸,positive
ğŸ¦¸ğŸ»â€â™‚,neutre
ğŸ¦¸ğŸ¼â€â™‚ï¸,positive
ğŸ¦¸ğŸ¼â€â™‚,positive
ğŸ¦¸ğŸ½â€â™‚ï¸,positive
ğŸ¦¸ğŸ½â€â™‚,positive
ğŸ¦¸ğŸ¾â€â™‚ï¸,neutre
ğŸ¦¸ğŸ¾â€â™‚,positive
ğŸ¦¸ğŸ¿â€â™‚ï¸,neutre
ğŸ¦¸ğŸ¿â€â™‚,neutre
ğŸ¦¸â€â™€,neutre
ğŸ¦¸ğŸ»â€â™€ï¸,positive
ğŸ¦¸ğŸ»â€â™€,neutre
ğŸ¦¸ğŸ¼â€â™€ï¸,positive
ğŸ¦¸ğŸ¼â€â™€,neutre
ğŸ¦¸ğŸ½â€â™€ï¸,neutre
ğŸ¦¸ğŸ½â€â™€,positive
ğŸ¦¸ğŸ¾â€â™€ï¸,positive
ğŸ¦¸ğŸ¾â€â™€,neutre
ğŸ¦¸ğŸ¿â€â™€ï¸,neutre
ğŸ¦¸ğŸ¿â€â™€,neutre
ğŸ¦¹ğŸ»,positive
ğŸ¦¹ğŸ¼,neutre
ğŸ¦¹ğŸ½,neutre
ğŸ¦¹ğŸ¾,neutre
ğŸ¦¹ğŸ¿,neutre
ğŸ¦¹â€â™‚,neutre
ğŸ¦¹ğŸ»â€â™‚ï¸,positive
ğŸ¦¹ğŸ»â€â™‚,neutre
ğŸ¦¹ğŸ¼â€â™‚ï¸,positive
ğŸ¦¹ğŸ¼â€â™‚,positive
ğŸ¦¹ğŸ½â€â™‚ï¸,neutre
ğŸ¦¹ğŸ½â€â™‚,neutre
ğŸ¦¹ğŸ¾â€â™‚ï¸,neutre
ğŸ¦¹ğŸ¾â€â™‚,neutre
ğŸ¦¹ğŸ¿â€â™‚ï¸,neutre
ğŸ¦¹ğŸ¿â€â™‚,neutre
ğŸ¦¹â€â™€,positive
ğŸ¦¹ğŸ»â€â™€ï¸,positive
ğŸ¦¹ğŸ»â€â™€,positive
ğŸ¦¹ğŸ¼â€â™€ï¸,positive
ğŸ¦¹ğŸ¼â€â™€,neutre
ğŸ¦¹ğŸ½â€â™€ï¸,neutre
ğŸ¦¹ğŸ½â€â™€,neutre
ğŸ¦¹ğŸ¾â€â™€ï¸,neutre
ğŸ¦¹ğŸ¾â€â™€,neutre
ğŸ¦¹ğŸ¿â€â™€ï¸,neutre
ğŸ¦¹ğŸ¿â€â™€,negative
ğŸ§™ğŸ»,neutre
ğŸ§™ğŸ¼,neutre
ğŸ§™ğŸ½,neutre
ğŸ§™ğŸ¾,neutre
ğŸ§™ğŸ¿,neutre
ğŸ§™â€â™‚,positive
ğŸ§™ğŸ»â€â™‚ï¸,neutre
ğŸ§™ğŸ»â€â™‚,neutre
ğŸ§™ğŸ¼â€â™‚ï¸,neutre
ğŸ§™ğŸ¼â€â™‚,positive
ğŸ§™ğŸ½â€â™‚ï¸,positive
ğŸ§™ğŸ½â€â™‚,positive
ğŸ§™ğŸ¾â€â™‚ï¸,neutre
ğŸ§™ğŸ¾â€â™‚,positive
ğŸ§™ğŸ¿â€â™‚ï¸,neutre
ğŸ§™ğŸ¿â€â™‚,neutre
ğŸ§™â€â™€,positive
ğŸ§™ğŸ»â€â™€ï¸,negative
ğŸ§™ğŸ»â€â™€,positive
ğŸ§™ğŸ¼â€â™€ï¸,neutre
ğŸ§™ğŸ¼â€â™€,positive
ğŸ§™ğŸ½â€â™€ï¸,neutre
ğŸ§™ğŸ½â€â™€,positive
ğŸ§™ğŸ¾â€â™€ï¸,positive
ğŸ§™ğŸ¾â€â™€,neutre
ğŸ§™ğŸ¿â€â™€ï¸,neutre
ğŸ§™ğŸ¿â€â™€,neutre
ğŸ§šğŸ»,positive
ğŸ§šğŸ¼,positive
ğŸ§šğŸ½,neutre
ğŸ§šğŸ¾,neutre
ğŸ§šğŸ¿,neutre
ğŸ§šâ€â™‚,neutre
ğŸ§šğŸ»â€â™‚ï¸,neutre
ğŸ§šğŸ»â€â™‚,positive
ğŸ§šğŸ¼â€â™‚ï¸,positive
ğŸ§šğŸ¼â€â™‚,positive
ğŸ§šğŸ½â€â™‚ï¸,neutre
ğŸ§šğŸ½â€â™‚,positive
ğŸ§šğŸ¾â€â™‚ï¸,positive
ğŸ§šğŸ¾â€â™‚,neutre
ğŸ§šğŸ¿â€â™‚ï¸,neutre
ğŸ§šğŸ¿â€â™‚,neutre
ğŸ§šâ€â™€,positive
ğŸ§šğŸ»â€â™€ï¸,positive
ğŸ§šğŸ»â€â™€,positive
ğŸ§šğŸ¼â€â™€ï¸,positive
ğŸ§šğŸ¼â€â™€,positive
ğŸ§šğŸ½â€â™€ï¸,positive
ğŸ§šğŸ½â€â™€,neutre
ğŸ§šğŸ¾â€â™€ï¸,positive
ğŸ§šğŸ¾â€â™€,neutre
ğŸ§šğŸ¿â€â™€ï¸,positive
ğŸ§šğŸ¿â€â™€,positive
ğŸ§›ğŸ»,neutre
ğŸ§›ğŸ¼,neutre
ğŸ§›ğŸ½,positive
ğŸ§›ğŸ¾,neutre
ğŸ§›ğŸ¿,neutre
ğŸ§›â€â™‚,positive
ğŸ§›ğŸ»â€â™‚ï¸,neutre
ğŸ§›ğŸ»â€â™‚,positive
ğŸ§›ğŸ¼â€â™‚ï¸,neutre
ğŸ§›ğŸ¼â€â™‚,positive
ğŸ§›ğŸ½â€â™‚ï¸,positive
ğŸ§›ğŸ½â€â™‚,neutre
ğŸ§›ğŸ¾â€â™‚ï¸,positive
ğŸ§›ğŸ¾â€â™‚,neutre
ğŸ§›ğŸ¿â€â™‚ï¸,neutre
ğŸ§›ğŸ¿â€â™‚,positive
ğŸ§›â€â™€,neutre
ğŸ§›ğŸ»â€â™€ï¸,negative
ğŸ§›ğŸ»â€â™€,neutre
ğŸ§›ğŸ¼â€â™€ï¸,neutre
ğŸ§›ğŸ¼â€â™€,positive
ğŸ§›ğŸ½â€â™€ï¸,neutre
ğŸ§›ğŸ½â€â™€,positive
ğŸ§›ğŸ¾â€â™€ï¸,neutre
ğŸ§›ğŸ¾â€â™€,positive
ğŸ§›ğŸ¿â€â™€ï¸,neutre
ğŸ§›ğŸ¿â€â™€,positive
ğŸ§œğŸ»,neutre
ğŸ§œğŸ¼,neutre
ğŸ§œğŸ½,positive
ğŸ§œğŸ¾,neutre
ğŸ§œğŸ¿,positive
ğŸ§œâ€â™‚,positive
ğŸ§œğŸ»â€â™‚ï¸,positive
ğŸ§œğŸ»â€â™‚,positive
ğŸ§œğŸ¼â€â™‚ï¸,neutre
ğŸ§œğŸ¼â€â™‚,neutre
ğŸ§œğŸ½â€â™‚ï¸,neutre
ğŸ§œğŸ½â€â™‚,neutre
ğŸ§œğŸ¾â€â™‚ï¸,positive
ğŸ§œğŸ¾â€â™‚,neutre
ğŸ§œğŸ¿â€â™‚ï¸,neutre
ğŸ§œğŸ¿â€â™‚,neutre
ğŸ§œâ€â™€,positive
ğŸ§œğŸ»â€â™€ï¸,positive
ğŸ§œğŸ»â€â™€,neutre
ğŸ§œğŸ¼â€â™€ï¸,positive
ğŸ§œğŸ¼â€â™€,positive
ğŸ§œğŸ½â€â™€ï¸,neutre
ğŸ§œğŸ½â€â™€,positive
ğŸ§œğŸ¾â€â™€ï¸,positive
ğŸ§œğŸ¾â€â™€,neutre
ğŸ§œğŸ¿â€â™€ï¸,neutre
ğŸ§œğŸ¿â€â™€,neutre
ğŸ§ğŸ»,neutre
ğŸ§ğŸ¼,positive
ğŸ§ğŸ½,neutre
ğŸ§ğŸ¾,neutre
ğŸ§ğŸ¿,positive
ğŸ§â€â™‚,positive
ğŸ§ğŸ»â€â™‚ï¸,positive
ğŸ§ğŸ»â€â™‚,neutre
ğŸ§ğŸ¼â€â™‚ï¸,neutre
ğŸ§ğŸ¼â€â™‚,neutre
ğŸ§ğŸ½â€â™‚ï¸,neutre
ğŸ§ğŸ½â€â™‚,positive
ğŸ§ğŸ¾â€â™‚ï¸,neutre
ğŸ§ğŸ¾â€â™‚,neutre
ğŸ§ğŸ¿â€â™‚ï¸,neutre
ğŸ§ğŸ¿â€â™‚,positive
ğŸ§â€â™€,positive
ğŸ§ğŸ»â€â™€ï¸,neutre
ğŸ§ğŸ»â€â™€,neutre
ğŸ§ğŸ¼â€â™€ï¸,neutre
ğŸ§ğŸ¼â€â™€,neutre
ğŸ§ğŸ½â€â™€ï¸,neutre
ğŸ§ğŸ½â€â™€,positive
ğŸ§ğŸ¾â€â™€ï¸,neutre
ğŸ§ğŸ¾â€â™€,neutre
ğŸ§ğŸ¿â€â™€ï¸,neutre
ğŸ§ğŸ¿â€â™€,neutre
ğŸ§â€â™‚,positive
ğŸ§â€â™€,neutre
ğŸ§Ÿâ€â™‚,positive
ğŸ§Ÿâ€â™€,positive
ğŸ§Œ,neutre
ğŸ’†ğŸ»,positive
ğŸ’†ğŸ¼,positive
ğŸ’†ğŸ½,neutre
ğŸ’†ğŸ¾,neutre
ğŸ’†ğŸ¿,neutre
ğŸ’†â€â™‚,neutre
ğŸ’†ğŸ»â€â™‚ï¸,positive
ğŸ’†ğŸ»â€â™‚,positive
ğŸ’†ğŸ¼â€â™‚ï¸,positive
ğŸ’†ğŸ¼â€â™‚,neutre
ğŸ’†ğŸ½â€â™‚ï¸,neutre
ğŸ’†ğŸ½â€â™‚,positive
ğŸ’†ğŸ¾â€â™‚ï¸,positive
ğŸ’†ğŸ¾â€â™‚,neutre
ğŸ’†ğŸ¿â€â™‚ï¸,neutre
ğŸ’†ğŸ¿â€â™‚,positive
ğŸ’†â€â™€,neutre
ğŸ’†ğŸ»â€â™€ï¸,neutre
ğŸ’†ğŸ»â€â™€,neutre
ğŸ’†ğŸ¼â€â™€ï¸,positive
ğŸ’†ğŸ¼â€â™€,neutre
ğŸ’†ğŸ½â€â™€ï¸,positive
ğŸ’†ğŸ½â€â™€,positive
ğŸ’†ğŸ¾â€â™€ï¸,neutre
ğŸ’†ğŸ¾â€â™€,neutre
ğŸ’†ğŸ¿â€â™€ï¸,neutre
ğŸ’†ğŸ¿â€â™€,neutre
ğŸ’‡ğŸ»,positive
ğŸ’‡ğŸ¼,neutre
ğŸ’‡ğŸ½,positive
ğŸ’‡ğŸ¾,neutre
ğŸ’‡ğŸ¿,neutre
ğŸ’‡â€â™‚,neutre
ğŸ’‡ğŸ»â€â™‚ï¸,neutre
ğŸ’‡ğŸ»â€â™‚,neutre
ğŸ’‡ğŸ¼â€â™‚ï¸,neutre
ğŸ’‡ğŸ¼â€â™‚,neutre
ğŸ’‡ğŸ½â€â™‚ï¸,positive
ğŸ’‡ğŸ½â€â™‚,positive
ğŸ’‡ğŸ¾â€â™‚ï¸,neutre
ğŸ’‡ğŸ¾â€â™‚,neutre
ğŸ’‡ğŸ¿â€â™‚ï¸,positive
ğŸ’‡ğŸ¿â€â™‚,positive
ğŸ’‡â€â™€,neutre
ğŸ’‡ğŸ»â€â™€ï¸,neutre
ğŸ’‡ğŸ»â€â™€,positive
ğŸ’‡ğŸ¼â€â™€ï¸,neutre
ğŸ’‡ğŸ¼â€â™€,neutre
ğŸ’‡ğŸ½â€â™€ï¸,neutre
ğŸ’‡ğŸ½â€â™€,positive
ğŸ’‡ğŸ¾â€â™€ï¸,positive
ğŸ’‡ğŸ¾â€â™€,positive
ğŸ’‡ğŸ¿â€â™€ï¸,neutre
ğŸ’‡ğŸ¿â€â™€,positive
ğŸš¶ğŸ»,positive
ğŸš¶ğŸ¼,neutre
ğŸš¶ğŸ½,neutre
ğŸš¶ğŸ¾,neutre
ğŸš¶ğŸ¿,negative
ğŸš¶â€â™‚,neutre
ğŸš¶ğŸ»â€â™‚ï¸,neutre
ğŸš¶ğŸ»â€â™‚,neutre
ğŸš¶ğŸ¼â€â™‚ï¸,positive
ğŸš¶ğŸ¼â€â™‚,neutre
ğŸš¶ğŸ½â€â™‚ï¸,neutre
ğŸš¶ğŸ½â€â™‚,neutre
ğŸš¶ğŸ¾â€â™‚ï¸,neutre
ğŸš¶ğŸ¾â€â™‚,neutre
ğŸš¶ğŸ¿â€â™‚ï¸,neutre
ğŸš¶ğŸ¿â€â™‚,positive
ğŸš¶â€â™€,neutre
ğŸš¶ğŸ»â€â™€ï¸,positive
ğŸš¶ğŸ»â€â™€,neutre
ğŸš¶ğŸ¼â€â™€ï¸,positive
ğŸš¶ğŸ¼â€â™€,neutre
ğŸš¶ğŸ½â€â™€ï¸,neutre
ğŸš¶ğŸ½â€â™€,neutre
ğŸš¶ğŸ¾â€â™€ï¸,positive
ğŸš¶ğŸ¾â€â™€,neutre
ğŸš¶ğŸ¿â€â™€ï¸,neutre
ğŸš¶ğŸ¿â€â™€,neutre
ğŸš¶â€â¡ï¸,neutre
ğŸš¶â€â¡,neutre
ğŸš¶ğŸ»â€â¡ï¸,neutre
ğŸš¶ğŸ»â€â¡,neutre
ğŸš¶ğŸ¼â€â¡ï¸,neutre
ğŸš¶ğŸ¼â€â¡,neutre
ğŸš¶ğŸ½â€â¡ï¸,neutre
ğŸš¶ğŸ½â€â¡,neutre
ğŸš¶ğŸ¾â€â¡ï¸,neutre
ğŸš¶ğŸ¾â€â¡,neutre
ğŸš¶ğŸ¿â€â¡ï¸,neutre
ğŸš¶ğŸ¿â€â¡,neutre
ğŸš¶â€â™€ï¸â€â¡ï¸,neutre
ğŸš¶â€â™€â€â¡ï¸,neutre
ğŸš¶â€â™€ï¸â€â¡,neutre
ğŸš¶â€â™€â€â¡,neutre
ğŸš¶ğŸ»â€â™€ï¸â€â¡ï¸,neutre
ğŸš¶ğŸ»â€â™€â€â¡ï¸,positive
ğŸš¶ğŸ»â€â™€ï¸â€â¡,neutre
ğŸš¶ğŸ»â€â™€â€â¡,neutre
ğŸš¶ğŸ¼â€â™€ï¸â€â¡ï¸,neutre
ğŸš¶ğŸ¼â€â™€â€â¡ï¸,neutre
ğŸš¶ğŸ¼â€â™€ï¸â€â¡,neutre
ğŸš¶ğŸ¼â€â™€â€â¡,positive
ğŸš¶ğŸ½â€â™€ï¸â€â¡ï¸,neutre
ğŸš¶ğŸ½â€â™€â€â¡ï¸,neutre
ğŸš¶ğŸ½â€â™€ï¸â€â¡,positive
ğŸš¶ğŸ½â€â™€â€â¡,neutre
ğŸš¶ğŸ¾â€â™€ï¸â€â¡ï¸,neutre
ğŸš¶ğŸ¾â€â™€â€â¡ï¸,neutre
ğŸš¶ğŸ¾â€â™€ï¸â€â¡,neutre
ğŸš¶ğŸ¾â€â™€â€â¡,positive
ğŸš¶ğŸ¿â€â™€ï¸â€â¡ï¸,positive
ğŸš¶ğŸ¿â€â™€â€â¡ï¸,positive
ğŸš¶ğŸ¿â€â™€ï¸â€â¡,positive
ğŸš¶ğŸ¿â€â™€â€â¡,positive
ğŸš¶â€â™‚ï¸â€â¡ï¸,neutre
ğŸš¶â€â™‚â€â¡ï¸,neutre
ğŸš¶â€â™‚ï¸â€â¡,neutre
ğŸš¶â€â™‚â€â¡,neutre
ğŸš¶ğŸ»â€â™‚ï¸â€â¡ï¸,positive
ğŸš¶ğŸ»â€â™‚â€â¡ï¸,neutre
ğŸš¶ğŸ»â€â™‚ï¸â€â¡,neutre
ğŸš¶ğŸ»â€â™‚â€â¡,neutre
ğŸš¶ğŸ¼â€â™‚ï¸â€â¡ï¸,positive
ğŸš¶ğŸ¼â€â™‚â€â¡ï¸,neutre
ğŸš¶ğŸ¼â€â™‚ï¸â€â¡,neutre
ğŸš¶ğŸ¼â€â™‚â€â¡,neutre
ğŸš¶ğŸ½â€â™‚ï¸â€â¡ï¸,negative
ğŸš¶ğŸ½â€â™‚â€â¡ï¸,neutre
ğŸš¶ğŸ½â€â™‚ï¸â€â¡,positive
ğŸš¶ğŸ½â€â™‚â€â¡,neutre
ğŸš¶ğŸ¾â€â™‚ï¸â€â¡ï¸,neutre
ğŸš¶ğŸ¾â€â™‚â€â¡ï¸,neutre
ğŸš¶ğŸ¾â€â™‚ï¸â€â¡,neutre
ğŸš¶ğŸ¾â€â™‚â€â¡,positive
ğŸš¶ğŸ¿â€â™‚ï¸â€â¡ï¸,neutre
ğŸš¶ğŸ¿â€â™‚â€â¡ï¸,neutre
ğŸš¶ğŸ¿â€â™‚ï¸â€â¡,neutre
ğŸš¶ğŸ¿â€â™‚â€â¡,neutre
ğŸ§ğŸ»,neutre
ğŸ§ğŸ¼,positive
ğŸ§ğŸ½,neutre
ğŸ§ğŸ¾,neutre
ğŸ§ğŸ¿,neutre
ğŸ§â€â™‚,neutre
ğŸ§ğŸ»â€â™‚ï¸,neutre
ğŸ§ğŸ»â€â™‚,neutre
ğŸ§ğŸ¼â€â™‚ï¸,neutre
ğŸ§ğŸ¼â€â™‚,neutre
ğŸ§ğŸ½â€â™‚ï¸,neutre
ğŸ§ğŸ½â€â™‚,positive
ğŸ§ğŸ¾â€â™‚ï¸,positive
ğŸ§ğŸ¾â€â™‚,neutre
ğŸ§ğŸ¿â€â™‚ï¸,neutre
ğŸ§ğŸ¿â€â™‚,neutre
ğŸ§â€â™€,neutre
ğŸ§ğŸ»â€â™€ï¸,negative
ğŸ§ğŸ»â€â™€,positive
ğŸ§ğŸ¼â€â™€ï¸,neutre
ğŸ§ğŸ¼â€â™€,neutre
ğŸ§ğŸ½â€â™€ï¸,neutre
ğŸ§ğŸ½â€â™€,neutre
ğŸ§ğŸ¾â€â™€ï¸,positive
ğŸ§ğŸ¾â€â™€,neutre
ğŸ§ğŸ¿â€â™€ï¸,neutre
ğŸ§ğŸ¿â€â™€,positive
ğŸ§ğŸ»,neutre
ğŸ§ğŸ¼,neutre
ğŸ§ğŸ½,positive
ğŸ§ğŸ¾,neutre
ğŸ§ğŸ¿,neutre
ğŸ§â€â™‚,neutre
ğŸ§ğŸ»â€â™‚ï¸,neutre
ğŸ§ğŸ»â€â™‚,neutre
ğŸ§ğŸ¼â€â™‚ï¸,positive
ğŸ§ğŸ¼â€â™‚,positive
ğŸ§ğŸ½â€â™‚ï¸,neutre
ğŸ§ğŸ½â€â™‚,negative
ğŸ§ğŸ¾â€â™‚ï¸,positive
ğŸ§ğŸ¾â€â™‚,neutre
ğŸ§ğŸ¿â€â™‚ï¸,positive
ğŸ§ğŸ¿â€â™‚,positive
ğŸ§â€â™€,neutre
ğŸ§ğŸ»â€â™€ï¸,positive
ğŸ§ğŸ»â€â™€,neutre
ğŸ§ğŸ¼â€â™€ï¸,positive
ğŸ§ğŸ¼â€â™€,neutre
ğŸ§ğŸ½â€â™€ï¸,positive
ğŸ§ğŸ½â€â™€,positive
ğŸ§ğŸ¾â€â™€ï¸,positive
ğŸ§ğŸ¾â€â™€,neutre
ğŸ§ğŸ¿â€â™€ï¸,neutre
ğŸ§ğŸ¿â€â™€,neutre
ğŸ§â€â¡ï¸,neutre
ğŸ§â€â¡,neutre
ğŸ§ğŸ»â€â¡ï¸,positive
ğŸ§ğŸ»â€â¡,positive
ğŸ§ğŸ¼â€â¡ï¸,neutre
ğŸ§ğŸ¼â€â¡,neutre
ğŸ§ğŸ½â€â¡ï¸,neutre
ğŸ§ğŸ½â€â¡,positive
ğŸ§ğŸ¾â€â¡ï¸,positive
ğŸ§ğŸ¾â€â¡,neutre
ğŸ§ğŸ¿â€â¡ï¸,positive
ğŸ§ğŸ¿â€â¡,neutre
ğŸ§â€â™€ï¸â€â¡ï¸,neutre
ğŸ§â€â™€â€â¡ï¸,neutre
ğŸ§â€â™€ï¸â€â¡,neutre
ğŸ§â€â™€â€â¡,neutre
ğŸ§ğŸ»â€â™€ï¸â€â¡ï¸,positive
ğŸ§ğŸ»â€â™€â€â¡ï¸,positive
ğŸ§ğŸ»â€â™€ï¸â€â¡,positive
ğŸ§ğŸ»â€â™€â€â¡,positive
ğŸ§ğŸ¼â€â™€ï¸â€â¡ï¸,neutre
ğŸ§ğŸ¼â€â™€â€â¡ï¸,positive
ğŸ§ğŸ¼â€â™€ï¸â€â¡,positive
ğŸ§ğŸ¼â€â™€â€â¡,positive
ğŸ§ğŸ½â€â™€ï¸â€â¡ï¸,positive
ğŸ§ğŸ½â€â™€â€â¡ï¸,positive
ğŸ§ğŸ½â€â™€ï¸â€â¡,positive
ğŸ§ğŸ½â€â™€â€â¡,positive
ğŸ§ğŸ¾â€â™€ï¸â€â¡ï¸,neutre
ğŸ§ğŸ¾â€â™€â€â¡ï¸,neutre
ğŸ§ğŸ¾â€â™€ï¸â€â¡,neutre
ğŸ§ğŸ¾â€â™€â€â¡,neutre
ğŸ§ğŸ¿â€â™€ï¸â€â¡ï¸,neutre
ğŸ§ğŸ¿â€â™€â€â¡ï¸,positive
ğŸ§ğŸ¿â€â™€ï¸â€â¡,neutre
ğŸ§ğŸ¿â€â™€â€â¡,positive
ğŸ§â€â™‚ï¸â€â¡ï¸,neutre
ğŸ§â€â™‚â€â¡ï¸,neutre
ğŸ§â€â™‚ï¸â€â¡,neutre
ğŸ§â€â™‚â€â¡,neutre
ğŸ§ğŸ»â€â™‚ï¸â€â¡ï¸,positive
ğŸ§ğŸ»â€â™‚â€â¡ï¸,positive
ğŸ§ğŸ»â€â™‚ï¸â€â¡,positive
ğŸ§ğŸ»â€â™‚â€â¡,positive
ğŸ§ğŸ¼â€â™‚ï¸â€â¡ï¸,neutre
ğŸ§ğŸ¼â€â™‚â€â¡ï¸,positive
ğŸ§ğŸ¼â€â™‚ï¸â€â¡,neutre
ğŸ§ğŸ¼â€â™‚â€â¡,positive
ğŸ§ğŸ½â€â™‚ï¸â€â¡ï¸,neutre
ğŸ§ğŸ½â€â™‚â€â¡ï¸,neutre
ğŸ§ğŸ½â€â™‚ï¸â€â¡,positive
ğŸ§ğŸ½â€â™‚â€â¡,positive
ğŸ§ğŸ¾â€â™‚ï¸â€â¡ï¸,neutre
ğŸ§ğŸ¾â€â™‚â€â¡ï¸,neutre
ğŸ§ğŸ¾â€â™‚ï¸â€â¡,positive
ğŸ§ğŸ¾â€â™‚â€â¡,neutre
ğŸ§ğŸ¿â€â™‚ï¸â€â¡ï¸,neutre
ğŸ§ğŸ¿â€â™‚â€â¡ï¸,positive
ğŸ§ğŸ¿â€â™‚ï¸â€â¡,positive
ğŸ§ğŸ¿â€â™‚â€â¡,neutre
ğŸ§‘ğŸ»â€ğŸ¦¯,neutre
ğŸ§‘ğŸ¼â€ğŸ¦¯,positive
ğŸ§‘ğŸ½â€ğŸ¦¯,neutre
ğŸ§‘ğŸ¾â€ğŸ¦¯,neutre
ğŸ§‘ğŸ¿â€ğŸ¦¯,neutre
ğŸ§‘â€ğŸ¦¯â€â¡ï¸,positive
ğŸ§‘â€ğŸ¦¯â€â¡,neutre
ğŸ§‘ğŸ»â€ğŸ¦¯â€â¡ï¸,positive
ğŸ§‘ğŸ»â€ğŸ¦¯â€â¡,neutre
ğŸ§‘ğŸ¼â€ğŸ¦¯â€â¡ï¸,positive
ğŸ§‘ğŸ¼â€ğŸ¦¯â€â¡,neutre
ğŸ§‘ğŸ½â€ğŸ¦¯â€â¡ï¸,neutre
ğŸ§‘ğŸ½â€ğŸ¦¯â€â¡,neutre
ğŸ§‘ğŸ¾â€ğŸ¦¯â€â¡ï¸,positive
ğŸ§‘ğŸ¾â€ğŸ¦¯â€â¡,neutre
ğŸ§‘ğŸ¿â€ğŸ¦¯â€â¡ï¸,neutre
ğŸ§‘ğŸ¿â€ğŸ¦¯â€â¡,positive
ğŸ‘¨ğŸ»â€ğŸ¦¯,neutre
ğŸ‘¨ğŸ¼â€ğŸ¦¯,positive
ğŸ‘¨ğŸ½â€ğŸ¦¯,neutre
ğŸ‘¨ğŸ¾â€ğŸ¦¯,positive
ğŸ‘¨ğŸ¿â€ğŸ¦¯,positive
ğŸ‘¨â€ğŸ¦¯â€â¡ï¸,neutre
ğŸ‘¨â€ğŸ¦¯â€â¡,positive
ğŸ‘¨ğŸ»â€ğŸ¦¯â€â¡ï¸,neutre
ğŸ‘¨ğŸ»â€ğŸ¦¯â€â¡,positive
ğŸ‘¨ğŸ¼â€ğŸ¦¯â€â¡ï¸,positive
ğŸ‘¨ğŸ¼â€ğŸ¦¯â€â¡,neutre
ğŸ‘¨ğŸ½â€ğŸ¦¯â€â¡ï¸,neutre
ğŸ‘¨ğŸ½â€ğŸ¦¯â€â¡,positive
ğŸ‘¨ğŸ¾â€ğŸ¦¯â€â¡ï¸,negative
ğŸ‘¨ğŸ¾â€ğŸ¦¯â€â¡,positive
ğŸ‘¨ğŸ¿â€ğŸ¦¯â€â¡ï¸,neutre
ğŸ‘¨ğŸ¿â€ğŸ¦¯â€â¡,positive
ğŸ‘©ğŸ»â€ğŸ¦¯,neutre
ğŸ‘©ğŸ¼â€ğŸ¦¯,positive
ğŸ‘©ğŸ½â€ğŸ¦¯,neutre
ğŸ‘©ğŸ¾â€ğŸ¦¯,neutre
ğŸ‘©ğŸ¿â€ğŸ¦¯,neutre
ğŸ‘©â€ğŸ¦¯â€â¡ï¸,neutre
ğŸ‘©â€ğŸ¦¯â€â¡,neutre
ğŸ‘©ğŸ»â€ğŸ¦¯â€â¡ï¸,neutre
ğŸ‘©ğŸ»â€ğŸ¦¯â€â¡,neutre
ğŸ‘©ğŸ¼â€ğŸ¦¯â€â¡ï¸,neutre
ğŸ‘©ğŸ¼â€ğŸ¦¯â€â¡,neutre
ğŸ‘©ğŸ½â€ğŸ¦¯â€â¡ï¸,negative
ğŸ‘©ğŸ½â€ğŸ¦¯â€â¡,neutre
ğŸ‘©ğŸ¾â€ğŸ¦¯â€â¡ï¸,neutre
ğŸ‘©ğŸ¾â€ğŸ¦¯â€â¡,neutre
ğŸ‘©ğŸ¿â€ğŸ¦¯â€â¡ï¸,neutre
ğŸ‘©ğŸ¿â€ğŸ¦¯â€â¡,neutre
ğŸ§‘ğŸ»â€ğŸ¦¼,positive
ğŸ§‘ğŸ¼â€ğŸ¦¼,neutre
ğŸ§‘ğŸ½â€ğŸ¦¼,positive
ğŸ§‘ğŸ¾â€ğŸ¦¼,neutre
ğŸ§‘ğŸ¿â€ğŸ¦¼,neutre
ğŸ§‘â€ğŸ¦¼â€â¡ï¸,positive
ğŸ§‘â€ğŸ¦¼â€â¡,positive
ğŸ§‘ğŸ»â€ğŸ¦¼â€â¡ï¸,neutre
ğŸ§‘ğŸ»â€ğŸ¦¼â€â¡,neutre
ğŸ§‘ğŸ¼â€ğŸ¦¼â€â¡ï¸,positive
ğŸ§‘ğŸ¼â€ğŸ¦¼â€â¡,positive
ğŸ§‘ğŸ½â€ğŸ¦¼â€â¡ï¸,neutre
ğŸ§‘ğŸ½â€ğŸ¦¼â€â¡,positive
ğŸ§‘ğŸ¾â€ğŸ¦¼â€â¡ï¸,neutre
ğŸ§‘ğŸ¾â€ğŸ¦¼â€â¡,positive
ğŸ§‘ğŸ¿â€ğŸ¦¼â€â¡ï¸,positive
ğŸ§‘ğŸ¿â€ğŸ¦¼â€â¡,neutre
ğŸ‘¨ğŸ»â€ğŸ¦¼,neutre
ğŸ‘¨ğŸ¼â€ğŸ¦¼,neutre
ğŸ‘¨ğŸ½â€ğŸ¦¼,positive
ğŸ‘¨ğŸ¾â€ğŸ¦¼,neutre
ğŸ‘¨ğŸ¿â€ğŸ¦¼,neutre
ğŸ‘¨â€ğŸ¦¼â€â¡ï¸,neutre
ğŸ‘¨â€ğŸ¦¼â€â¡,neutre
ğŸ‘¨ğŸ»â€ğŸ¦¼â€â¡ï¸,positive
ğŸ‘¨ğŸ»â€ğŸ¦¼â€â¡,neutre
ğŸ‘¨ğŸ¼â€ğŸ¦¼â€â¡ï¸,neutre
ğŸ‘¨ğŸ¼â€ğŸ¦¼â€â¡,neutre
ğŸ‘¨ğŸ½â€ğŸ¦¼â€â¡ï¸,neutre
ğŸ‘¨ğŸ½â€ğŸ¦¼â€â¡,positive
ğŸ‘¨ğŸ¾â€ğŸ¦¼â€â¡ï¸,positive
ğŸ‘¨ğŸ¾â€ğŸ¦¼â€â¡,neutre
ğŸ‘¨ğŸ¿â€ğŸ¦¼â€â¡ï¸,neutre
ğŸ‘¨ğŸ¿â€ğŸ¦¼â€â¡,neutre
ğŸ‘©ğŸ»â€ğŸ¦¼,neutre
ğŸ‘©ğŸ¼â€ğŸ¦¼,neutre
ğŸ‘©ğŸ½â€ğŸ¦¼,neutre
ğŸ‘©ğŸ¾â€ğŸ¦¼,positive
ğŸ‘©ğŸ¿â€ğŸ¦¼,neutre
ğŸ‘©â€ğŸ¦¼â€â¡ï¸,negative
ğŸ‘©â€ğŸ¦¼â€â¡,neutre
ğŸ‘©ğŸ»â€ğŸ¦¼â€â¡ï¸,positive
ğŸ‘©ğŸ»â€ğŸ¦¼â€â¡,neutre
ğŸ‘©ğŸ¼â€ğŸ¦¼â€â¡ï¸,positive
ğŸ‘©ğŸ¼â€ğŸ¦¼â€â¡,positive
ğŸ‘©ğŸ½â€ğŸ¦¼â€â¡ï¸,neutre
ğŸ‘©ğŸ½â€ğŸ¦¼â€â¡,neutre
ğŸ‘©ğŸ¾â€ğŸ¦¼â€â¡ï¸,neutre
ğŸ‘©ğŸ¾â€ğŸ¦¼â€â¡,neutre
ğŸ‘©ğŸ¿â€ğŸ¦¼â€â¡ï¸,positive
ğŸ‘©ğŸ¿â€ğŸ¦¼â€â¡,neutre
ğŸ§‘ğŸ»â€ğŸ¦½,positive
ğŸ§‘ğŸ¼â€ğŸ¦½,neutre
ğŸ§‘ğŸ½â€ğŸ¦½,neutre
ğŸ§‘ğŸ¾â€ğŸ¦½,positive
ğŸ§‘ğŸ¿â€ğŸ¦½,neutre
ğŸ§‘â€ğŸ¦½â€â¡ï¸,neutre
ğŸ§‘â€ğŸ¦½â€â¡,neutre
ğŸ§‘ğŸ»â€ğŸ¦½â€â¡ï¸,neutre
ğŸ§‘ğŸ»â€ğŸ¦½â€â¡,positive
ğŸ§‘ğŸ¼â€ğŸ¦½â€â¡ï¸,neutre
ğŸ§‘ğŸ¼â€ğŸ¦½â€â¡,neutre
ğŸ§‘ğŸ½â€ğŸ¦½â€â¡ï¸,neutre
ğŸ§‘ğŸ½â€ğŸ¦½â€â¡,neutre
ğŸ§‘ğŸ¾â€ğŸ¦½â€â¡ï¸,neutre
ğŸ§‘ğŸ¾â€ğŸ¦½â€â¡,neutre
ğŸ§‘ğŸ¿â€ğŸ¦½â€â¡ï¸,neutre
ğŸ§‘ğŸ¿â€ğŸ¦½â€â¡,neutre
ğŸ‘¨ğŸ»â€ğŸ¦½,neutre
ğŸ‘¨ğŸ¼â€ğŸ¦½,neutre
ğŸ‘¨ğŸ½â€ğŸ¦½,neutre
ğŸ‘¨ğŸ¾â€ğŸ¦½,neutre
ğŸ‘¨ğŸ¿â€ğŸ¦½,positive
ğŸ‘¨â€ğŸ¦½â€â¡ï¸,neutre
ğŸ‘¨â€ğŸ¦½â€â¡,neutre
ğŸ‘¨ğŸ»â€ğŸ¦½â€â¡ï¸,neutre
ğŸ‘¨ğŸ»â€ğŸ¦½â€â¡,negative
ğŸ‘¨ğŸ¼â€ğŸ¦½â€â¡ï¸,positive
ğŸ‘¨ğŸ¼â€ğŸ¦½â€â¡,neutre
ğŸ‘¨ğŸ½â€ğŸ¦½â€â¡ï¸,neutre
ğŸ‘¨ğŸ½â€ğŸ¦½â€â¡,positive
ğŸ‘¨ğŸ¾â€ğŸ¦½â€â¡ï¸,positive
ğŸ‘¨ğŸ¾â€ğŸ¦½â€â¡,neutre
ğŸ‘¨ğŸ¿â€ğŸ¦½â€â¡ï¸,neutre
ğŸ‘¨ğŸ¿â€ğŸ¦½â€â¡,neutre
ğŸ‘©ğŸ»â€ğŸ¦½,neutre
ğŸ‘©ğŸ¼â€ğŸ¦½,neutre
ğŸ‘©ğŸ½â€ğŸ¦½,neutre
ğŸ‘©ğŸ¾â€ğŸ¦½,neutre
ğŸ‘©ğŸ¿â€ğŸ¦½,neutre
ğŸ‘©â€ğŸ¦½â€â¡ï¸,positive
ğŸ‘©â€ğŸ¦½â€â¡,neutre
ğŸ‘©ğŸ»â€ğŸ¦½â€â¡ï¸,positive
ğŸ‘©ğŸ»â€ğŸ¦½â€â¡,neutre
ğŸ‘©ğŸ¼â€ğŸ¦½â€â¡ï¸,positive
ğŸ‘©ğŸ¼â€ğŸ¦½â€â¡,positive
ğŸ‘©ğŸ½â€ğŸ¦½â€â¡ï¸,neutre
ğŸ‘©ğŸ½â€ğŸ¦½â€â¡,neutre
ğŸ‘©ğŸ¾â€ğŸ¦½â€â¡ï¸,positive
ğŸ‘©ğŸ¾â€ğŸ¦½â€â¡,neutre
ğŸ‘©ğŸ¿â€ğŸ¦½â€â¡ï¸,neutre
ğŸ‘©ğŸ¿â€ğŸ¦½â€â¡,neutre
ğŸƒğŸ»,positive
ğŸƒğŸ¼,positive
ğŸƒğŸ½,neutre
ğŸƒğŸ¾,neutre
ğŸƒğŸ¿,positive
ğŸƒâ€â™‚,neutre
ğŸƒğŸ»â€â™‚ï¸,positive
ğŸƒğŸ»â€â™‚,neutre
ğŸƒğŸ¼â€â™‚ï¸,neutre
ğŸƒğŸ¼â€â™‚,positive
ğŸƒğŸ½â€â™‚ï¸,neutre
ğŸƒğŸ½â€â™‚,neutre
ğŸƒğŸ¾â€â™‚ï¸,positive
ğŸƒğŸ¾â€â™‚,neutre
ğŸƒğŸ¿â€â™‚ï¸,neutre
ğŸƒğŸ¿â€â™‚,neutre
ğŸƒâ€â™€,neutre
ğŸƒğŸ»â€â™€ï¸,neutre
ğŸƒğŸ»â€â™€,positive
ğŸƒğŸ¼â€â™€ï¸,neutre
ğŸƒğŸ¼â€â™€,neutre
ğŸƒğŸ½â€â™€ï¸,positive
ğŸƒğŸ½â€â™€,positive
ğŸƒğŸ¾â€â™€ï¸,neutre
ğŸƒğŸ¾â€â™€,neutre
ğŸƒğŸ¿â€â™€ï¸,negative
ğŸƒğŸ¿â€â™€,neutre
ğŸƒâ€â¡ï¸,neutre
ğŸƒâ€â¡,positive
ğŸƒğŸ»â€â¡ï¸,positive
ğŸƒğŸ»â€â¡,neutre
ğŸƒğŸ¼â€â¡ï¸,neutre
ğŸƒğŸ¼â€â¡,neutre
ğŸƒğŸ½â€â¡ï¸,neutre
ğŸƒğŸ½â€â¡,negative
ğŸƒğŸ¾â€â¡ï¸,neutre
ğŸƒğŸ¾â€â¡,positive
ğŸƒğŸ¿â€â¡ï¸,neutre
ğŸƒğŸ¿â€â¡,neutre
ğŸƒâ€â™€ï¸â€â¡ï¸,negative
ğŸƒâ€â™€â€â¡ï¸,neutre
ğŸƒâ€â™€ï¸â€â¡,neutre
ğŸƒâ€â™€â€â¡,neutre
ğŸƒğŸ»â€â™€ï¸â€â¡ï¸,neutre
ğŸƒğŸ»â€â™€â€â¡ï¸,neutre
ğŸƒğŸ»â€â™€ï¸â€â¡,neutre
ğŸƒğŸ»â€â™€â€â¡,neutre
ğŸƒğŸ¼â€â™€ï¸â€â¡ï¸,neutre
ğŸƒğŸ¼â€â™€â€â¡ï¸,neutre
ğŸƒğŸ¼â€â™€ï¸â€â¡,neutre
ğŸƒğŸ¼â€â™€â€â¡,neutre
ğŸƒğŸ½â€â™€ï¸â€â¡ï¸,neutre
ğŸƒğŸ½â€â™€â€â¡ï¸,neutre
ğŸƒğŸ½â€â™€ï¸â€â¡,neutre
ğŸƒğŸ½â€â™€â€â¡,positive
ğŸƒğŸ¾â€â™€ï¸â€â¡ï¸,neutre
ğŸƒğŸ¾â€â™€â€â¡ï¸,neutre
ğŸƒğŸ¾â€â™€ï¸â€â¡,positive
ğŸƒğŸ¾â€â™€â€â¡,neutre
ğŸƒğŸ¿â€â™€ï¸â€â¡ï¸,neutre
ğŸƒğŸ¿â€â™€â€â¡ï¸,neutre
ğŸƒğŸ¿â€â™€ï¸â€â¡,neutre
ğŸƒğŸ¿â€â™€â€â¡,neutre
ğŸƒâ€â™‚ï¸â€â¡ï¸,neutre
ğŸƒâ€â™‚â€â¡ï¸,positive
ğŸƒâ€â™‚ï¸â€â¡,neutre
ğŸƒâ€â™‚â€â¡,neutre
ğŸƒğŸ»â€â™‚ï¸â€â¡ï¸,neutre
ğŸƒğŸ»â€â™‚â€â¡ï¸,positive
ğŸƒğŸ»â€â™‚ï¸â€â¡,neutre
ğŸƒğŸ»â€â™‚â€â¡,neutre
ğŸƒğŸ¼â€â™‚ï¸â€â¡ï¸,positive
ğŸƒğŸ¼â€â™‚â€â¡ï¸,positive
ğŸƒğŸ¼â€â™‚ï¸â€â¡,neutre
ğŸƒğŸ¼â€â™‚â€â¡,positive
ğŸƒğŸ½â€â™‚ï¸â€â¡ï¸,positive
ğŸƒğŸ½â€â™‚â€â¡ï¸,neutre
ğŸƒğŸ½â€â™‚ï¸â€â¡,neutre
ğŸƒğŸ½â€â™‚â€â¡,neutre
ğŸƒğŸ¾â€â™‚ï¸â€â¡ï¸,neutre
ğŸƒğŸ¾â€â™‚â€â¡ï¸,neutre
ğŸƒğŸ¾â€â™‚ï¸â€â¡,positive
ğŸƒğŸ¾â€â™‚â€â¡,positive
ğŸƒğŸ¿â€â™‚ï¸â€â¡ï¸,neutre
ğŸƒğŸ¿â€â™‚â€â¡ï¸,positive
ğŸƒğŸ¿â€â™‚ï¸â€â¡,neutre
ğŸƒğŸ¿â€â™‚â€â¡,neutre
ğŸ’ƒğŸ»,neutre
ğŸ’ƒğŸ¼,positive
ğŸ’ƒğŸ½,neutre
ğŸ’ƒğŸ¾,neutre
ğŸ’ƒğŸ¿,neutre
ğŸ•ºğŸ»,positive
ğŸ•ºğŸ¼,positive
ğŸ•ºğŸ½,neutre
ğŸ•ºğŸ¾,neutre
ğŸ•ºğŸ¿,neutre
ğŸ•´ï¸,neutre
ğŸ•´ğŸ»,neutre
ğŸ•´ğŸ¼,positive
ğŸ•´ğŸ½,neutre
ğŸ•´ğŸ¾,positive
ğŸ•´ğŸ¿,positive
ğŸ‘¯â€â™‚,neutre
ğŸ‘¯â€â™€,neutre
ğŸ§–ğŸ»,neutre
ğŸ§–ğŸ¼,positive
ğŸ§–ğŸ½,negative
ğŸ§–ğŸ¾,neutre
ğŸ§–ğŸ¿,neutre
ğŸ§–â€â™‚,positive
ğŸ§–ğŸ»â€â™‚ï¸,neutre
ğŸ§–ğŸ»â€â™‚,neutre
ğŸ§–ğŸ¼â€â™‚ï¸,positive
ğŸ§–ğŸ¼â€â™‚,positive
ğŸ§–ğŸ½â€â™‚ï¸,positive
ğŸ§–ğŸ½â€â™‚,neutre
ğŸ§–ğŸ¾â€â™‚ï¸,neutre
ğŸ§–ğŸ¾â€â™‚,positive
ğŸ§–ğŸ¿â€â™‚ï¸,neutre
ğŸ§–ğŸ¿â€â™‚,neutre
ğŸ§–â€â™€,positive
ğŸ§–ğŸ»â€â™€ï¸,neutre
ğŸ§–ğŸ»â€â™€,positive
ğŸ§–ğŸ¼â€â™€ï¸,positive
ğŸ§–ğŸ¼â€â™€,neutre
ğŸ§–ğŸ½â€â™€ï¸,positive
ğŸ§–ğŸ½â€â™€,positive
ğŸ§–ğŸ¾â€â™€ï¸,neutre
ğŸ§–ğŸ¾â€â™€,neutre
ğŸ§–ğŸ¿â€â™€ï¸,neutre
ğŸ§–ğŸ¿â€â™€,neutre
ğŸ§—ğŸ»,positive
ğŸ§—ğŸ¼,neutre
ğŸ§—ğŸ½,neutre
ğŸ§—ğŸ¾,neutre
ğŸ§—ğŸ¿,neutre
ğŸ§—â€â™‚,neutre
ğŸ§—ğŸ»â€â™‚ï¸,positive
ğŸ§—ğŸ»â€â™‚,positive
ğŸ§—ğŸ¼â€â™‚ï¸,neutre
ğŸ§—ğŸ¼â€â™‚,positive
ğŸ§—ğŸ½â€â™‚ï¸,positive
ğŸ§—ğŸ½â€â™‚,neutre
ğŸ§—ğŸ¾â€â™‚ï¸,neutre
ğŸ§—ğŸ¾â€â™‚,positive
ğŸ§—ğŸ¿â€â™‚ï¸,neutre
ğŸ§—ğŸ¿â€â™‚,positive
ğŸ§—â€â™€,neutre
ğŸ§—ğŸ»â€â™€ï¸,positive
ğŸ§—ğŸ»â€â™€,positive
ğŸ§—ğŸ¼â€â™€ï¸,neutre
ğŸ§—ğŸ¼â€â™€,positive
ğŸ§—ğŸ½â€â™€ï¸,neutre
ğŸ§—ğŸ½â€â™€,positive
ğŸ§—ğŸ¾â€â™€ï¸,positive
ğŸ§—ğŸ¾â€â™€,neutre
ğŸ§—ğŸ¿â€â™€ï¸,neutre
ğŸ§—ğŸ¿â€â™€,neutre
ğŸ‡ğŸ»,neutre
ğŸ‡ğŸ¼,neutre
ğŸ‡ğŸ½,neutre
ğŸ‡ğŸ¾,neutre
ğŸ‡ğŸ¿,neutre
â›·ï¸,neutre
ğŸ‚ğŸ»,positive
ğŸ‚ğŸ¼,neutre
ğŸ‚ğŸ½,neutre
ğŸ‚ğŸ¾,neutre
ğŸ‚ğŸ¿,neutre
ğŸŒï¸,neutre
ğŸŒğŸ»,neutre
ğŸŒğŸ¼,neutre
ğŸŒğŸ½,neutre
ğŸŒğŸ¾,neutre
ğŸŒğŸ¿,neutre
ğŸŒâ€â™‚ï¸,neutre
ğŸŒï¸â€â™‚,neutre
ğŸŒâ€â™‚,neutre
ğŸŒğŸ»â€â™‚ï¸,neutre
ğŸŒğŸ»â€â™‚,neutre
ğŸŒğŸ¼â€â™‚ï¸,positive
ğŸŒğŸ¼â€â™‚,neutre
ğŸŒğŸ½â€â™‚ï¸,neutre
ğŸŒğŸ½â€â™‚,neutre
ğŸŒğŸ¾â€â™‚ï¸,neutre
ğŸŒğŸ¾â€â™‚,neutre
ğŸŒğŸ¿â€â™‚ï¸,neutre
ğŸŒğŸ¿â€â™‚,positive
ğŸŒâ€â™€ï¸,neutre
ğŸŒï¸â€â™€,neutre
ğŸŒâ€â™€,neutre
ğŸŒğŸ»â€â™€ï¸,neutre
ğŸŒğŸ»â€â™€,neutre
ğŸŒğŸ¼â€â™€ï¸,neutre
ğŸŒğŸ¼â€â™€,neutre
ğŸŒğŸ½â€â™€ï¸,neutre
ğŸŒğŸ½â€â™€,neutre
ğŸŒğŸ¾â€â™€ï¸,neutre
ğŸŒğŸ¾â€â™€,neutre
ğŸŒğŸ¿â€â™€ï¸,neutre
ğŸŒğŸ¿â€â™€,neutre
ğŸ„ğŸ»,positive
ğŸ„ğŸ¼,neutre
ğŸ„ğŸ½,neutre
ğŸ„ğŸ¾,neutre
ğŸ„ğŸ¿,positive
ğŸ„â€â™‚,neutre
ğŸ„ğŸ»â€â™‚ï¸,neutre
ğŸ„ğŸ»â€â™‚,positive
ğŸ„ğŸ¼â€â™‚ï¸,positive
ğŸ„ğŸ¼â€â™‚,neutre
ğŸ„ğŸ½â€â™‚ï¸,positive
ğŸ„ğŸ½â€â™‚,positive
ğŸ„ğŸ¾â€â™‚ï¸,neutre
ğŸ„ğŸ¾â€â™‚,positive
ğŸ„ğŸ¿â€â™‚ï¸,neutre
ğŸ„ğŸ¿â€â™‚,positive
ğŸ„â€â™€,neutre
ğŸ„ğŸ»â€â™€ï¸,neutre
ğŸ„ğŸ»â€â™€,positive
ğŸ„ğŸ¼â€â™€ï¸,neutre
ğŸ„ğŸ¼â€â™€,positive
ğŸ„ğŸ½â€â™€ï¸,neutre
ğŸ„ğŸ½â€â™€,positive
ğŸ„ğŸ¾â€â™€ï¸,neutre
ğŸ„ğŸ¾â€â™€,neutre
ğŸ„ğŸ¿â€â™€ï¸,neutre
ğŸ„ğŸ¿â€â™€,positive
ğŸš£ğŸ»,neutre
ğŸš£ğŸ¼,positive
ğŸš£ğŸ½,neutre
ğŸš£ğŸ¾,neutre
ğŸš£ğŸ¿,neutre
ğŸš£â€â™‚,neutre
ğŸš£ğŸ»â€â™‚ï¸,neutre
ğŸš£ğŸ»â€â™‚,neutre
ğŸš£ğŸ¼â€â™‚ï¸,neutre
ğŸš£ğŸ¼â€â™‚,neutre
ğŸš£ğŸ½â€â™‚ï¸,neutre
ğŸš£ğŸ½â€â™‚,positive
ğŸš£ğŸ¾â€â™‚ï¸,neutre
ğŸš£ğŸ¾â€â™‚,positive
ğŸš£ğŸ¿â€â™‚ï¸,neutre
ğŸš£ğŸ¿â€â™‚,neutre
ğŸš£â€â™€,neutre
ğŸš£ğŸ»â€â™€ï¸,neutre
ğŸš£ğŸ»â€â™€,negative
ğŸš£ğŸ¼â€â™€ï¸,positive
ğŸš£ğŸ¼â€â™€,positive
ğŸš£ğŸ½â€â™€ï¸,neutre
ğŸš£ğŸ½â€â™€,neutre
ğŸš£ğŸ¾â€â™€ï¸,neutre
ğŸš£ğŸ¾â€â™€,neutre
ğŸš£ğŸ¿â€â™€ï¸,positive
ğŸš£ğŸ¿â€â™€,neutre
ğŸŠğŸ»,neutre
ğŸŠğŸ¼,neutre
ğŸŠğŸ½,neutre
ğŸŠğŸ¾,neutre
ğŸŠğŸ¿,neutre
ğŸŠâ€â™‚,neutre
ğŸŠğŸ»â€â™‚ï¸,neutre
ğŸŠğŸ»â€â™‚,positive
ğŸŠğŸ¼â€â™‚ï¸,neutre
ğŸŠğŸ¼â€â™‚,neutre
ğŸŠğŸ½â€â™‚ï¸,negative
ğŸŠğŸ½â€â™‚,neutre
ğŸŠğŸ¾â€â™‚ï¸,neutre
ğŸŠğŸ¾â€â™‚,positive
ğŸŠğŸ¿â€â™‚ï¸,neutre
ğŸŠğŸ¿â€â™‚,neutre
ğŸŠâ€â™€,neutre
ğŸŠğŸ»â€â™€ï¸,positive
ğŸŠğŸ»â€â™€,neutre
ğŸŠğŸ¼â€â™€ï¸,neutre
ğŸŠğŸ¼â€â™€,neutre
ğŸŠğŸ½â€â™€ï¸,neutre
ğŸŠğŸ½â€â™€,positive
ğŸŠğŸ¾â€â™€ï¸,neutre
ğŸŠğŸ¾â€â™€,neutre
ğŸŠğŸ¿â€â™€ï¸,neutre
ğŸŠğŸ¿â€â™€,neutre
â›¹ï¸,positive
â›¹ğŸ»,neutre
â›¹ğŸ¼,neutre
â›¹ğŸ½,positive
â›¹ğŸ¾,neutre
â›¹ğŸ¿,neutre
â›¹â€â™‚ï¸,neutre
â›¹ï¸â€â™‚,neutre
â›¹â€â™‚,neutre
â›¹ğŸ»â€â™‚ï¸,neutre
â›¹ğŸ»â€â™‚,positive
â›¹ğŸ¼â€â™‚ï¸,neutre
â›¹ğŸ¼â€â™‚,positive
â›¹ğŸ½â€â™‚ï¸,neutre
â›¹ğŸ½â€â™‚,positive
â›¹ğŸ¾â€â™‚ï¸,neutre
â›¹ğŸ¾â€â™‚,positive
â›¹ğŸ¿â€â™‚ï¸,positive
â›¹ğŸ¿â€â™‚,positive
â›¹â€â™€ï¸,neutre
â›¹ï¸â€â™€,neutre
â›¹â€â™€,neutre
â›¹ğŸ»â€â™€ï¸,neutre
â›¹ğŸ»â€â™€,neutre
â›¹ğŸ¼â€â™€ï¸,positive
â›¹ğŸ¼â€â™€,neutre
â›¹ğŸ½â€â™€ï¸,positive
â›¹ğŸ½â€â™€,positive
â›¹ğŸ¾â€â™€ï¸,neutre
â›¹ğŸ¾â€â™€,neutre
â›¹ğŸ¿â€â™€ï¸,neutre
â›¹ğŸ¿â€â™€,neutre
ğŸ‹ï¸,neutre
ğŸ‹ğŸ»,neutre
ğŸ‹ğŸ¼,neutre
ğŸ‹ğŸ½,neutre
ğŸ‹ğŸ¾,neutre
ğŸ‹ğŸ¿,neutre
ğŸ‹â€â™‚ï¸,neutre
ğŸ‹ï¸â€â™‚,neutre
ğŸ‹â€â™‚,neutre
ğŸ‹ğŸ»â€â™‚ï¸,neutre
ğŸ‹ğŸ»â€â™‚,neutre
ğŸ‹ğŸ¼â€â™‚ï¸,positive
ğŸ‹ğŸ¼â€â™‚,positive
ğŸ‹ğŸ½â€â™‚ï¸,neutre
ğŸ‹ğŸ½â€â™‚,neutre
ğŸ‹ğŸ¾â€â™‚ï¸,neutre
ğŸ‹ğŸ¾â€â™‚,neutre
ğŸ‹ğŸ¿â€â™‚ï¸,positive
ğŸ‹ğŸ¿â€â™‚,positive
ğŸ‹â€â™€ï¸,neutre
ğŸ‹ï¸â€â™€,neutre
ğŸ‹â€â™€,neutre
ğŸ‹ğŸ»â€â™€ï¸,positive
ğŸ‹ğŸ»â€â™€,neutre
ğŸ‹ğŸ¼â€â™€ï¸,positive
ğŸ‹ğŸ¼â€â™€,neutre
ğŸ‹ğŸ½â€â™€ï¸,neutre
ğŸ‹ğŸ½â€â™€,neutre
ğŸ‹ğŸ¾â€â™€ï¸,neutre
ğŸ‹ğŸ¾â€â™€,neutre
ğŸ‹ğŸ¿â€â™€ï¸,neutre
ğŸ‹ğŸ¿â€â™€,neutre
ğŸš´ğŸ»,neutre
ğŸš´ğŸ¼,positive
ğŸš´ğŸ½,neutre
ğŸš´ğŸ¾,neutre
ğŸš´ğŸ¿,neutre
ğŸš´â€â™‚,neutre
ğŸš´ğŸ»â€â™‚ï¸,neutre
ğŸš´ğŸ»â€â™‚,neutre
ğŸš´ğŸ¼â€â™‚ï¸,neutre
ğŸš´ğŸ¼â€â™‚,neutre
ğŸš´ğŸ½â€â™‚ï¸,neutre
ğŸš´ğŸ½â€â™‚,neutre
ğŸš´ğŸ¾â€â™‚ï¸,neutre
ğŸš´ğŸ¾â€â™‚,neutre
ğŸš´ğŸ¿â€â™‚ï¸,neutre
ğŸš´ğŸ¿â€â™‚,neutre
ğŸš´â€â™€,neutre
ğŸš´ğŸ»â€â™€ï¸,positive
ğŸš´ğŸ»â€â™€,positive
ğŸš´ğŸ¼â€â™€ï¸,neutre
ğŸš´ğŸ¼â€â™€,neutre
ğŸš´ğŸ½â€â™€ï¸,neutre
ğŸš´ğŸ½â€â™€,neutre
ğŸš´ğŸ¾â€â™€ï¸,neutre
ğŸš´ğŸ¾â€â™€,positive
ğŸš´ğŸ¿â€â™€ï¸,neutre
ğŸš´ğŸ¿â€â™€,negative
ğŸšµğŸ»,neutre
ğŸšµğŸ¼,positive
ğŸšµğŸ½,neutre
ğŸšµğŸ¾,neutre
ğŸšµğŸ¿,neutre
ğŸšµâ€â™‚,neutre
ğŸšµğŸ»â€â™‚ï¸,positive
ğŸšµğŸ»â€â™‚,positive
ğŸšµğŸ¼â€â™‚ï¸,neutre
ğŸšµğŸ¼â€â™‚,positive
ğŸšµğŸ½â€â™‚ï¸,neutre
ğŸšµğŸ½â€â™‚,positive
ğŸšµğŸ¾â€â™‚ï¸,positive
ğŸšµğŸ¾â€â™‚,positive
ğŸšµğŸ¿â€â™‚ï¸,neutre
ğŸšµğŸ¿â€â™‚,neutre
ğŸšµâ€â™€,neutre
ğŸšµğŸ»â€â™€ï¸,neutre
ğŸšµğŸ»â€â™€,neutre
ğŸšµğŸ¼â€â™€ï¸,neutre
ğŸšµğŸ¼â€â™€,positive
ğŸšµğŸ½â€â™€ï¸,neutre
ğŸšµğŸ½â€â™€,neutre
ğŸšµğŸ¾â€â™€ï¸,neutre
ğŸšµğŸ¾â€â™€,neutre
ğŸšµğŸ¿â€â™€ï¸,positive
ğŸšµğŸ¿â€â™€,neutre
ğŸ¤¸ğŸ»,neutre
ğŸ¤¸ğŸ¼,positive
ğŸ¤¸ğŸ½,positive
ğŸ¤¸ğŸ¾,positive
ğŸ¤¸ğŸ¿,neutre
ğŸ¤¸â€â™‚,positive
ğŸ¤¸ğŸ»â€â™‚ï¸,positive
ğŸ¤¸ğŸ»â€â™‚,positive
ğŸ¤¸ğŸ¼â€â™‚ï¸,positive
ğŸ¤¸ğŸ¼â€â™‚,positive
ğŸ¤¸ğŸ½â€â™‚ï¸,positive
ğŸ¤¸ğŸ½â€â™‚,positive
ğŸ¤¸ğŸ¾â€â™‚ï¸,neutre
ğŸ¤¸ğŸ¾â€â™‚,neutre
ğŸ¤¸ğŸ¿â€â™‚ï¸,positive
ğŸ¤¸ğŸ¿â€â™‚,negative
ğŸ¤¸â€â™€,neutre
ğŸ¤¸ğŸ»â€â™€ï¸,positive
ğŸ¤¸ğŸ»â€â™€,neutre
ğŸ¤¸ğŸ¼â€â™€ï¸,neutre
ğŸ¤¸ğŸ¼â€â™€,neutre
ğŸ¤¸ğŸ½â€â™€ï¸,positive
ğŸ¤¸ğŸ½â€â™€,neutre
ğŸ¤¸ğŸ¾â€â™€ï¸,neutre
ğŸ¤¸ğŸ¾â€â™€,positive
ğŸ¤¸ğŸ¿â€â™€ï¸,positive
ğŸ¤¸ğŸ¿â€â™€,negative
ğŸ¤¼â€â™‚,positive
ğŸ¤¼â€â™€,positive
ğŸ¤½ğŸ»,positive
ğŸ¤½ğŸ¼,positive
ğŸ¤½ğŸ½,neutre
ğŸ¤½ğŸ¾,neutre
ğŸ¤½ğŸ¿,neutre
ğŸ¤½â€â™‚,positive
ğŸ¤½ğŸ»â€â™‚ï¸,neutre
ğŸ¤½ğŸ»â€â™‚,neutre
ğŸ¤½ğŸ¼â€â™‚ï¸,neutre
ğŸ¤½ğŸ¼â€â™‚,neutre
ğŸ¤½ğŸ½â€â™‚ï¸,neutre
ğŸ¤½ğŸ½â€â™‚,neutre
ğŸ¤½ğŸ¾â€â™‚ï¸,neutre
ğŸ¤½ğŸ¾â€â™‚,neutre
ğŸ¤½ğŸ¿â€â™‚ï¸,neutre
ğŸ¤½ğŸ¿â€â™‚,neutre
ğŸ¤½â€â™€,neutre
ğŸ¤½ğŸ»â€â™€ï¸,positive
ğŸ¤½ğŸ»â€â™€,neutre
ğŸ¤½ğŸ¼â€â™€ï¸,neutre
ğŸ¤½ğŸ¼â€â™€,neutre
ğŸ¤½ğŸ½â€â™€ï¸,neutre
ğŸ¤½ğŸ½â€â™€,neutre
ğŸ¤½ğŸ¾â€â™€ï¸,positive
ğŸ¤½ğŸ¾â€â™€,positive
ğŸ¤½ğŸ¿â€â™€ï¸,neutre
ğŸ¤½ğŸ¿â€â™€,negative
ğŸ¤¾ğŸ»,neutre
ğŸ¤¾ğŸ¼,neutre
ğŸ¤¾ğŸ½,positive
ğŸ¤¾ğŸ¾,neutre
ğŸ¤¾ğŸ¿,neutre
ğŸ¤¾â€â™‚,positive
ğŸ¤¾ğŸ»â€â™‚ï¸,neutre
ğŸ¤¾ğŸ»â€â™‚,neutre
ğŸ¤¾ğŸ¼â€â™‚ï¸,positive
ğŸ¤¾ğŸ¼â€â™‚,neutre
ğŸ¤¾ğŸ½â€â™‚ï¸,neutre
ğŸ¤¾ğŸ½â€â™‚,neutre
ğŸ¤¾ğŸ¾â€â™‚ï¸,neutre
ğŸ¤¾ğŸ¾â€â™‚,positive
ğŸ¤¾ğŸ¿â€â™‚ï¸,neutre
ğŸ¤¾ğŸ¿â€â™‚,positive
ğŸ¤¾â€â™€,positive
ğŸ¤¾ğŸ»â€â™€ï¸,positive
ğŸ¤¾ğŸ»â€â™€,neutre
ğŸ¤¾ğŸ¼â€â™€ï¸,positive
ğŸ¤¾ğŸ¼â€â™€,neutre
ğŸ¤¾ğŸ½â€â™€ï¸,neutre
ğŸ¤¾ğŸ½â€â™€,neutre
ğŸ¤¾ğŸ¾â€â™€ï¸,positive
ğŸ¤¾ğŸ¾â€â™€,neutre
ğŸ¤¾ğŸ¿â€â™€ï¸,positive
ğŸ¤¾ğŸ¿â€â™€,neutre
ğŸ¤¹ğŸ»,positive
ğŸ¤¹ğŸ¼,neutre
ğŸ¤¹ğŸ½,positive
ğŸ¤¹ğŸ¾,positive
ğŸ¤¹ğŸ¿,positive
ğŸ¤¹â€â™‚,positive
ğŸ¤¹ğŸ»â€â™‚ï¸,neutre
ğŸ¤¹ğŸ»â€â™‚,neutre
ğŸ¤¹ğŸ¼â€â™‚ï¸,neutre
ğŸ¤¹ğŸ¼â€â™‚,neutre
ğŸ¤¹ğŸ½â€â™‚ï¸,positive
ğŸ¤¹ğŸ½â€â™‚,neutre
ğŸ¤¹ğŸ¾â€â™‚ï¸,positive
ğŸ¤¹ğŸ¾â€â™‚,neutre
ğŸ¤¹ğŸ¿â€â™‚ï¸,neutre
ğŸ¤¹ğŸ¿â€â™‚,positive
ğŸ¤¹â€â™€,positive
ğŸ¤¹ğŸ»â€â™€ï¸,neutre
ğŸ¤¹ğŸ¼â€â™€ï¸,neutre
ğŸ¤¹ğŸ¼â€â™€,positive
ğŸ¤¹ğŸ½â€â™€ï¸,positive
ğŸ¤¹ğŸ½â€â™€,neutre
ğŸ¤¹ğŸ¾â€â™€ï¸,neutre
ğŸ¤¹ğŸ¾â€â™€,neutre
ğŸ¤¹ğŸ¿â€â™€ï¸,neutre
ğŸ¤¹ğŸ¿â€â™€,neutre
ğŸ§˜ğŸ»,positive
ğŸ§˜ğŸ¼,neutre
ğŸ§˜ğŸ½,positive
ğŸ§˜ğŸ¾,neutre
ğŸ§˜ğŸ¿,neutre
ğŸ§˜â€â™‚,neutre
ğŸ§˜ğŸ»â€â™‚ï¸,neutre
ğŸ§˜ğŸ»â€â™‚,positive
ğŸ§˜ğŸ¼â€â™‚ï¸,neutre
ğŸ§˜ğŸ¼â€â™‚,neutre
ğŸ§˜ğŸ½â€â™‚ï¸,neutre
ğŸ§˜ğŸ½â€â™‚,neutre
ğŸ§˜ğŸ¾â€â™‚ï¸,positive
ğŸ§˜ğŸ¾â€â™‚,neutre
ğŸ§˜ğŸ¿â€â™‚ï¸,neutre
ğŸ§˜ğŸ¿â€â™‚,positive
ğŸ§˜â€â™€,positive
ğŸ§˜ğŸ»â€â™€ï¸,neutre
ğŸ§˜ğŸ»â€â™€,positive
ğŸ§˜ğŸ¼â€â™€ï¸,neutre
ğŸ§˜ğŸ¼â€â™€,positive
ğŸ§˜ğŸ½â€â™€ï¸,neutre
ğŸ§˜ğŸ½â€â™€,neutre
ğŸ§˜ğŸ¾â€â™€ï¸,positive
ğŸ§˜ğŸ¾â€â™€,positive
ğŸ§˜ğŸ¿â€â™€ï¸,neutre
ğŸ§˜ğŸ¿â€â™€,neutre
ğŸ›€ğŸ»,positive
ğŸ›€ğŸ¼,neutre
ğŸ›€ğŸ½,neutre
ğŸ›€ğŸ¾,neutre
ğŸ›€ğŸ¿,positive
ğŸ›ŒğŸ»,neutre
ğŸ›ŒğŸ¼,neutre
ğŸ›ŒğŸ½,neutre
ğŸ›ŒğŸ¾,neutre
ğŸ›ŒğŸ¿,positive
ğŸ§‘ğŸ»â€ğŸ¤â€ğŸ§‘ğŸ»,positive
ğŸ§‘ğŸ»â€ğŸ¤â€ğŸ§‘ğŸ¼,neutre
ğŸ§‘ğŸ»â€ğŸ¤â€ğŸ§‘ğŸ½,positive
ğŸ§‘ğŸ»â€ğŸ¤â€ğŸ§‘ğŸ¾,positive
ğŸ§‘ğŸ»â€ğŸ¤â€ğŸ§‘ğŸ¿,neutre
ğŸ§‘ğŸ¼â€ğŸ¤â€ğŸ§‘ğŸ»,positive
ğŸ§‘ğŸ¼â€ğŸ¤â€ğŸ§‘ğŸ¼,neutre
ğŸ§‘ğŸ¼â€ğŸ¤â€ğŸ§‘ğŸ½,positive
ğŸ§‘ğŸ¼â€ğŸ¤â€ğŸ§‘ğŸ¾,neutre
ğŸ§‘ğŸ¼â€ğŸ¤â€ğŸ§‘ğŸ¿,neutre
ğŸ§‘ğŸ½â€ğŸ¤â€ğŸ§‘ğŸ»,neutre
ğŸ§‘ğŸ½â€ğŸ¤â€ğŸ§‘ğŸ¼,negative
ğŸ§‘ğŸ½â€ğŸ¤â€ğŸ§‘ğŸ½,positive
ğŸ§‘ğŸ½â€ğŸ¤â€ğŸ§‘ğŸ¾,neutre
ğŸ§‘ğŸ½â€ğŸ¤â€ğŸ§‘ğŸ¿,neutre
ğŸ§‘ğŸ¾â€ğŸ¤â€ğŸ§‘ğŸ»,neutre
ğŸ§‘ğŸ¾â€ğŸ¤â€ğŸ§‘ğŸ¼,neutre
ğŸ§‘ğŸ¾â€ğŸ¤â€ğŸ§‘ğŸ½,neutre
ğŸ§‘ğŸ¾â€ğŸ¤â€ğŸ§‘ğŸ¾,neutre
ğŸ§‘ğŸ¾â€ğŸ¤â€ğŸ§‘ğŸ¿,neutre
ğŸ§‘ğŸ¿â€ğŸ¤â€ğŸ§‘ğŸ»,positive
ğŸ§‘ğŸ¿â€ğŸ¤â€ğŸ§‘ğŸ¼,neutre
ğŸ§‘ğŸ¿â€ğŸ¤â€ğŸ§‘ğŸ½,neutre
ğŸ§‘ğŸ¿â€ğŸ¤â€ğŸ§‘ğŸ¾,neutre
ğŸ§‘ğŸ¿â€ğŸ¤â€ğŸ§‘ğŸ¿,neutre
ğŸ‘­ğŸ»,neutre
ğŸ‘©ğŸ»â€ğŸ¤â€ğŸ‘©ğŸ¼,positive
ğŸ‘©ğŸ»â€ğŸ¤â€ğŸ‘©ğŸ½,neutre
ğŸ‘©ğŸ»â€ğŸ¤â€ğŸ‘©ğŸ¾,neutre
ğŸ‘©ğŸ»â€ğŸ¤â€ğŸ‘©ğŸ¿,neutre
ğŸ‘©ğŸ¼â€ğŸ¤â€ğŸ‘©ğŸ»,neutre
ğŸ‘­ğŸ¼,neutre
ğŸ‘©ğŸ¼â€ğŸ¤â€ğŸ‘©ğŸ½,neutre
ğŸ‘©ğŸ¼â€ğŸ¤â€ğŸ‘©ğŸ¾,neutre
ğŸ‘©ğŸ¼â€ğŸ¤â€ğŸ‘©ğŸ¿,positive
ğŸ‘©ğŸ½â€ğŸ¤â€ğŸ‘©ğŸ»,neutre
ğŸ‘©ğŸ½â€ğŸ¤â€ğŸ‘©ğŸ¼,neutre
ğŸ‘­ğŸ½,neutre
ğŸ‘©ğŸ½â€ğŸ¤â€ğŸ‘©ğŸ¾,positive
ğŸ‘©ğŸ½â€ğŸ¤â€ğŸ‘©ğŸ¿,neutre
ğŸ‘©ğŸ¾â€ğŸ¤â€ğŸ‘©ğŸ»,positive
ğŸ‘©ğŸ¾â€ğŸ¤â€ğŸ‘©ğŸ¼,neutre
ğŸ‘©ğŸ¾â€ğŸ¤â€ğŸ‘©ğŸ½,neutre
ğŸ‘­ğŸ¾,positive
ğŸ‘©ğŸ¾â€ğŸ¤â€ğŸ‘©ğŸ¿,neutre
ğŸ‘©ğŸ¿â€ğŸ¤â€ğŸ‘©ğŸ»,neutre
ğŸ‘©ğŸ¿â€ğŸ¤â€ğŸ‘©ğŸ¼,neutre
ğŸ‘©ğŸ¿â€ğŸ¤â€ğŸ‘©ğŸ½,neutre
ğŸ‘©ğŸ¿â€ğŸ¤â€ğŸ‘©ğŸ¾,neutre
ğŸ‘­ğŸ¿,neutre
ğŸ‘«ğŸ»,neutre
ğŸ‘©ğŸ»â€ğŸ¤â€ğŸ‘¨ğŸ¼,neutre
ğŸ‘©ğŸ»â€ğŸ¤â€ğŸ‘¨ğŸ½,neutre
ğŸ‘©ğŸ»â€ğŸ¤â€ğŸ‘¨ğŸ¾,neutre
ğŸ‘©ğŸ»â€ğŸ¤â€ğŸ‘¨ğŸ¿,neutre
ğŸ‘©ğŸ¼â€ğŸ¤â€ğŸ‘¨ğŸ»,neutre
ğŸ‘«ğŸ¼,positive
ğŸ‘©ğŸ¼â€ğŸ¤â€ğŸ‘¨ğŸ½,neutre
ğŸ‘©ğŸ¼â€ğŸ¤â€ğŸ‘¨ğŸ¾,neutre
ğŸ‘©ğŸ¼â€ğŸ¤â€ğŸ‘¨ğŸ¿,neutre
ğŸ‘©ğŸ½â€ğŸ¤â€ğŸ‘¨ğŸ»,neutre
ğŸ‘©ğŸ½â€ğŸ¤â€ğŸ‘¨ğŸ¼,neutre
ğŸ‘«ğŸ½,positive
ğŸ‘©ğŸ½â€ğŸ¤â€ğŸ‘¨ğŸ¾,positive
ğŸ‘©ğŸ½â€ğŸ¤â€ğŸ‘¨ğŸ¿,neutre
ğŸ‘©ğŸ¾â€ğŸ¤â€ğŸ‘¨ğŸ»,positive
ğŸ‘©ğŸ¾â€ğŸ¤â€ğŸ‘¨ğŸ¼,positive
ğŸ‘©ğŸ¾â€ğŸ¤â€ğŸ‘¨ğŸ½,neutre
ğŸ‘«ğŸ¾,neutre
ğŸ‘©ğŸ¾â€ğŸ¤â€ğŸ‘¨ğŸ¿,neutre
ğŸ‘©ğŸ¿â€ğŸ¤â€ğŸ‘¨ğŸ»,neutre
ğŸ‘©ğŸ¿â€ğŸ¤â€ğŸ‘¨ğŸ¼,neutre
ğŸ‘©ğŸ¿â€ğŸ¤â€ğŸ‘¨ğŸ½,neutre
ğŸ‘©ğŸ¿â€ğŸ¤â€ğŸ‘¨ğŸ¾,negative
ğŸ‘«ğŸ¿,neutre
ğŸ‘¬ğŸ»,neutre
ğŸ‘¨ğŸ»â€ğŸ¤â€ğŸ‘¨ğŸ¼,neutre
ğŸ‘¨ğŸ»â€ğŸ¤â€ğŸ‘¨ğŸ½,negative
ğŸ‘¨ğŸ»â€ğŸ¤â€ğŸ‘¨ğŸ¾,positive
ğŸ‘¨ğŸ»â€ğŸ¤â€ğŸ‘¨ğŸ¿,neutre
ğŸ‘¨ğŸ¼â€ğŸ¤â€ğŸ‘¨ğŸ»,positive
ğŸ‘¬ğŸ¼,neutre
ğŸ‘¨ğŸ¼â€ğŸ¤â€ğŸ‘¨ğŸ½,positive
ğŸ‘¨ğŸ¼â€ğŸ¤â€ğŸ‘¨ğŸ¾,positive
ğŸ‘¨ğŸ¼â€ğŸ¤â€ğŸ‘¨ğŸ¿,neutre
ğŸ‘¨ğŸ½â€ğŸ¤â€ğŸ‘¨ğŸ»,positive
ğŸ‘¨ğŸ½â€ğŸ¤â€ğŸ‘¨ğŸ¼,neutre
ğŸ‘¬ğŸ½,neutre
ğŸ‘¨ğŸ½â€ğŸ¤â€ğŸ‘¨ğŸ¾,neutre
ğŸ‘¨ğŸ½â€ğŸ¤â€ğŸ‘¨ğŸ¿,neutre
ğŸ‘¨ğŸ¾â€ğŸ¤â€ğŸ‘¨ğŸ»,neutre
ğŸ‘¨ğŸ¾â€ğŸ¤â€ğŸ‘¨ğŸ¼,neutre
ğŸ‘¨ğŸ¾â€ğŸ¤â€ğŸ‘¨ğŸ½,neutre
ğŸ‘¬ğŸ¾,neutre
ğŸ‘¨ğŸ¾â€ğŸ¤â€ğŸ‘¨ğŸ¿,positive
ğŸ‘¨ğŸ¿â€ğŸ¤â€ğŸ‘¨ğŸ»,neutre
ğŸ‘¨ğŸ¿â€ğŸ¤â€ğŸ‘¨ğŸ¼,positive
ğŸ‘¨ğŸ¿â€ğŸ¤â€ğŸ‘¨ğŸ½,neutre
ğŸ‘¨ğŸ¿â€ğŸ¤â€ğŸ‘¨ğŸ¾,neutre
ğŸ‘¬ğŸ¿,positive
ğŸ’ğŸ»,neutre
ğŸ’ğŸ¼,positive
ğŸ’ğŸ½,neutre
ğŸ’ğŸ¾,neutre
ğŸ’ğŸ¿,neutre
ğŸ§‘ğŸ»â€â¤ï¸â€ğŸ’‹â€ğŸ§‘ğŸ¼,neutre
ğŸ§‘ğŸ»â€â¤â€ğŸ’‹â€ğŸ§‘ğŸ¼,positive
ğŸ§‘ğŸ»â€â¤ï¸â€ğŸ’‹â€ğŸ§‘ğŸ½,neutre
ğŸ§‘ğŸ»â€â¤â€ğŸ’‹â€ğŸ§‘ğŸ½,positive
ğŸ§‘ğŸ»â€â¤ï¸â€ğŸ’‹â€ğŸ§‘ğŸ¾,neutre
ğŸ§‘ğŸ»â€â¤â€ğŸ’‹â€ğŸ§‘ğŸ¾,neutre
ğŸ§‘ğŸ»â€â¤ï¸â€ğŸ’‹â€ğŸ§‘ğŸ¿,neutre
ğŸ§‘ğŸ»â€â¤â€ğŸ’‹â€ğŸ§‘ğŸ¿,positive
ğŸ§‘ğŸ¼â€â¤ï¸â€ğŸ’‹â€ğŸ§‘ğŸ»,neutre
ğŸ§‘ğŸ¼â€â¤â€ğŸ’‹â€ğŸ§‘ğŸ»,positive
ğŸ§‘ğŸ¼â€â¤ï¸â€ğŸ’‹â€ğŸ§‘ğŸ½,neutre
ğŸ§‘ğŸ¼â€â¤â€ğŸ’‹â€ğŸ§‘ğŸ½,positive
ğŸ§‘ğŸ¼â€â¤ï¸â€ğŸ’‹â€ğŸ§‘ğŸ¾,neutre
ğŸ§‘ğŸ¼â€â¤â€ğŸ’‹â€ğŸ§‘ğŸ¾,neutre
ğŸ§‘ğŸ¼â€â¤ï¸â€ğŸ’‹â€ğŸ§‘ğŸ¿,positive
ğŸ§‘ğŸ¼â€â¤â€ğŸ’‹â€ğŸ§‘ğŸ¿,positive
ğŸ§‘ğŸ½â€â¤ï¸â€ğŸ’‹â€ğŸ§‘ğŸ»,positive
ğŸ§‘ğŸ½â€â¤â€ğŸ’‹â€ğŸ§‘ğŸ»,neutre
ğŸ§‘ğŸ½â€â¤ï¸â€ğŸ’‹â€ğŸ§‘ğŸ¼,neutre
ğŸ§‘ğŸ½â€â¤â€ğŸ’‹â€ğŸ§‘ğŸ¼,neutre
ğŸ§‘ğŸ½â€â¤ï¸â€ğŸ’‹â€ğŸ§‘ğŸ¾,positive
ğŸ§‘ğŸ½â€â¤â€ğŸ’‹â€ğŸ§‘ğŸ¾,positive
ğŸ§‘ğŸ½â€â¤ï¸â€ğŸ’‹â€ğŸ§‘ğŸ¿,positive
ğŸ§‘ğŸ½â€â¤â€ğŸ’‹â€ğŸ§‘ğŸ¿,neutre
ğŸ§‘ğŸ¾â€â¤ï¸â€ğŸ’‹â€ğŸ§‘ğŸ»,positive
ğŸ§‘ğŸ¾â€â¤â€ğŸ’‹â€ğŸ§‘ğŸ»,neutre
ğŸ§‘ğŸ¾â€â¤ï¸â€ğŸ’‹â€ğŸ§‘ğŸ¼,positive
ğŸ§‘ğŸ¾â€â¤â€ğŸ’‹â€ğŸ§‘ğŸ¼,neutre
ğŸ§‘ğŸ¾â€â¤ï¸â€ğŸ’‹â€ğŸ§‘ğŸ½,positive
ğŸ§‘ğŸ¾â€â¤â€ğŸ’‹â€ğŸ§‘ğŸ½,neutre
ğŸ§‘ğŸ¾â€â¤ï¸â€ğŸ’‹â€ğŸ§‘ğŸ¿,positive
ğŸ§‘ğŸ¾â€â¤â€ğŸ’‹â€ğŸ§‘ğŸ¿,neutre
ğŸ§‘ğŸ¿â€â¤ï¸â€ğŸ’‹â€ğŸ§‘ğŸ»,positive
ğŸ§‘ğŸ¿â€â¤â€ğŸ’‹â€ğŸ§‘ğŸ»,positive
ğŸ§‘ğŸ¿â€â¤ï¸â€ğŸ’‹â€ğŸ§‘ğŸ¼,neutre
ğŸ§‘ğŸ¿â€â¤â€ğŸ’‹â€ğŸ§‘ğŸ¼,neutre
ğŸ§‘ğŸ¿â€â¤ï¸â€ğŸ’‹â€ğŸ§‘ğŸ½,positive
ğŸ§‘ğŸ¿â€â¤â€ğŸ’‹â€ğŸ§‘ğŸ½,neutre
ğŸ§‘ğŸ¿â€â¤ï¸â€ğŸ’‹â€ğŸ§‘ğŸ¾,neutre
ğŸ§‘ğŸ¿â€â¤â€ğŸ’‹â€ğŸ§‘ğŸ¾,positive
ğŸ‘©â€â¤â€ğŸ’‹â€ğŸ‘¨,neutre
ğŸ‘©ğŸ»â€â¤ï¸â€ğŸ’‹â€ğŸ‘¨ğŸ»,positive
ğŸ‘©ğŸ»â€â¤â€ğŸ’‹â€ğŸ‘¨ğŸ»,positive
ğŸ‘©ğŸ»â€â¤ï¸â€ğŸ’‹â€ğŸ‘¨ğŸ¼,positive
ğŸ‘©ğŸ»â€â¤â€ğŸ’‹â€ğŸ‘¨ğŸ¼,neutre
ğŸ‘©ğŸ»â€â¤ï¸â€ğŸ’‹â€ğŸ‘¨ğŸ½,neutre
ğŸ‘©ğŸ»â€â¤â€ğŸ’‹â€ğŸ‘¨ğŸ½,neutre
ğŸ‘©ğŸ»â€â¤ï¸â€ğŸ’‹â€ğŸ‘¨ğŸ¾,positive
ğŸ‘©ğŸ»â€â¤â€ğŸ’‹â€ğŸ‘¨ğŸ¾,positive
ğŸ‘©ğŸ»â€â¤ï¸â€ğŸ’‹â€ğŸ‘¨ğŸ¿,neutre
ğŸ‘©ğŸ»â€â¤â€ğŸ’‹â€ğŸ‘¨ğŸ¿,positive
ğŸ‘©ğŸ¼â€â¤ï¸â€ğŸ’‹â€ğŸ‘¨ğŸ»,positive
ğŸ‘©ğŸ¼â€â¤â€ğŸ’‹â€ğŸ‘¨ğŸ»,neutre
ğŸ‘©ğŸ¼â€â¤ï¸â€ğŸ’‹â€ğŸ‘¨ğŸ¼,neutre
ğŸ‘©ğŸ¼â€â¤â€ğŸ’‹â€ğŸ‘¨ğŸ¼,neutre
ğŸ‘©ğŸ¼â€â¤ï¸â€ğŸ’‹â€ğŸ‘¨ğŸ½,positive
ğŸ‘©ğŸ¼â€â¤â€ğŸ’‹â€ğŸ‘¨ğŸ½,neutre
ğŸ‘©ğŸ¼â€â¤ï¸â€ğŸ’‹â€ğŸ‘¨ğŸ¾,neutre
ğŸ‘©ğŸ¼â€â¤â€ğŸ’‹â€ğŸ‘¨ğŸ¾,neutre
ğŸ‘©ğŸ¼â€â¤ï¸â€ğŸ’‹â€ğŸ‘¨ğŸ¿,neutre
ğŸ‘©ğŸ¼â€â¤â€ğŸ’‹â€ğŸ‘¨ğŸ¿,neutre
ğŸ‘©ğŸ½â€â¤ï¸â€ğŸ’‹â€ğŸ‘¨ğŸ»,neutre
ğŸ‘©ğŸ½â€â¤â€ğŸ’‹â€ğŸ‘¨ğŸ»,positive
ğŸ‘©ğŸ½â€â¤ï¸â€ğŸ’‹â€ğŸ‘¨ğŸ¼,positive
ğŸ‘©ğŸ½â€â¤â€ğŸ’‹â€ğŸ‘¨ğŸ¼,neutre
ğŸ‘©ğŸ½â€â¤ï¸â€ğŸ’‹â€ğŸ‘¨ğŸ½,neutre
ğŸ‘©ğŸ½â€â¤â€ğŸ’‹â€ğŸ‘¨ğŸ½,neutre
ğŸ‘©ğŸ½â€â¤ï¸â€ğŸ’‹â€ğŸ‘¨ğŸ¾,neutre
ğŸ‘©ğŸ½â€â¤â€ğŸ’‹â€ğŸ‘¨ğŸ¾,neutre
ğŸ‘©ğŸ½â€â¤ï¸â€ğŸ’‹â€ğŸ‘¨ğŸ¿,positive
ğŸ‘©ğŸ½â€â¤â€ğŸ’‹â€ğŸ‘¨ğŸ¿,neutre
ğŸ‘©ğŸ¾â€â¤ï¸â€ğŸ’‹â€ğŸ‘¨ğŸ»,neutre
ğŸ‘©ğŸ¾â€â¤â€ğŸ’‹â€ğŸ‘¨ğŸ»,positive
ğŸ‘©ğŸ¾â€â¤ï¸â€ğŸ’‹â€ğŸ‘¨ğŸ¼,neutre
ğŸ‘©ğŸ¾â€â¤â€ğŸ’‹â€ğŸ‘¨ğŸ¼,neutre
ğŸ‘©ğŸ¾â€â¤ï¸â€ğŸ’‹â€ğŸ‘¨ğŸ½,neutre
ğŸ‘©ğŸ¾â€â¤â€ğŸ’‹â€ğŸ‘¨ğŸ½,positive
ğŸ‘©ğŸ¾â€â¤ï¸â€ğŸ’‹â€ğŸ‘¨ğŸ¾,positive
ğŸ‘©ğŸ¾â€â¤â€ğŸ’‹â€ğŸ‘¨ğŸ¾,positive
ğŸ‘©ğŸ¾â€â¤ï¸â€ğŸ’‹â€ğŸ‘¨ğŸ¿,neutre
ğŸ‘©ğŸ¾â€â¤â€ğŸ’‹â€ğŸ‘¨ğŸ¿,neutre
ğŸ‘©ğŸ¿â€â¤ï¸â€ğŸ’‹â€ğŸ‘¨ğŸ»,neutre
ğŸ‘©ğŸ¿â€â¤â€ğŸ’‹â€ğŸ‘¨ğŸ»,neutre
ğŸ‘©ğŸ¿â€â¤ï¸â€ğŸ’‹â€ğŸ‘¨ğŸ¼,neutre
ğŸ‘©ğŸ¿â€â¤â€ğŸ’‹â€ğŸ‘¨ğŸ¼,neutre
ğŸ‘©ğŸ¿â€â¤ï¸â€ğŸ’‹â€ğŸ‘¨ğŸ½,neutre
ğŸ‘©ğŸ¿â€â¤â€ğŸ’‹â€ğŸ‘¨ğŸ½,neutre
ğŸ‘©ğŸ¿â€â¤ï¸â€ğŸ’‹â€ğŸ‘¨ğŸ¾,positive
ğŸ‘©ğŸ¿â€â¤â€ğŸ’‹â€ğŸ‘¨ğŸ¾,neutre
ğŸ‘©ğŸ¿â€â¤ï¸â€ğŸ’‹â€ğŸ‘¨ğŸ¿,positive
ğŸ‘©ğŸ¿â€â¤â€ğŸ’‹â€ğŸ‘¨ğŸ¿,neutre
ğŸ‘¨â€â¤â€ğŸ’‹â€ğŸ‘¨,positive
ğŸ‘¨ğŸ»â€â¤ï¸â€ğŸ’‹â€ğŸ‘¨ğŸ»,neutre
ğŸ‘¨ğŸ»â€â¤â€ğŸ’‹â€ğŸ‘¨ğŸ»,positive
ğŸ‘¨ğŸ»â€â¤ï¸â€ğŸ’‹â€ğŸ‘¨ğŸ¼,neutre
ğŸ‘¨ğŸ»â€â¤â€ğŸ’‹â€ğŸ‘¨ğŸ¼,neutre
ğŸ‘¨ğŸ»â€â¤ï¸â€ğŸ’‹â€ğŸ‘¨ğŸ½,neutre
ğŸ‘¨ğŸ»â€â¤â€ğŸ’‹â€ğŸ‘¨ğŸ½,neutre
ğŸ‘¨ğŸ»â€â¤ï¸â€ğŸ’‹â€ğŸ‘¨ğŸ¾,neutre
ğŸ‘¨ğŸ»â€â¤â€ğŸ’‹â€ğŸ‘¨ğŸ¾,neutre
ğŸ‘¨ğŸ»â€â¤ï¸â€ğŸ’‹â€ğŸ‘¨ğŸ¿,neutre
ğŸ‘¨ğŸ»â€â¤â€ğŸ’‹â€ğŸ‘¨ğŸ¿,neutre
ğŸ‘¨ğŸ¼â€â¤ï¸â€ğŸ’‹â€ğŸ‘¨ğŸ»,positive
ğŸ‘¨ğŸ¼â€â¤â€ğŸ’‹â€ğŸ‘¨ğŸ»,neutre
ğŸ‘¨ğŸ¼â€â¤ï¸â€ğŸ’‹â€ğŸ‘¨ğŸ¼,neutre
ğŸ‘¨ğŸ¼â€â¤â€ğŸ’‹â€ğŸ‘¨ğŸ¼,positive
ğŸ‘¨ğŸ¼â€â¤ï¸â€ğŸ’‹â€ğŸ‘¨ğŸ½,neutre
ğŸ‘¨ğŸ¼â€â¤â€ğŸ’‹â€ğŸ‘¨ğŸ½,neutre
ğŸ‘¨ğŸ¼â€â¤ï¸â€ğŸ’‹â€ğŸ‘¨ğŸ¾,positive
ğŸ‘¨ğŸ¼â€â¤â€ğŸ’‹â€ğŸ‘¨ğŸ¾,neutre
ğŸ‘¨ğŸ¼â€â¤ï¸â€ğŸ’‹â€ğŸ‘¨ğŸ¿,neutre
ğŸ‘¨ğŸ¼â€â¤â€ğŸ’‹â€ğŸ‘¨ğŸ¿,positive
ğŸ‘¨ğŸ½â€â¤ï¸â€ğŸ’‹â€ğŸ‘¨ğŸ»,positive
ğŸ‘¨ğŸ½â€â¤â€ğŸ’‹â€ğŸ‘¨ğŸ»,neutre
ğŸ‘¨ğŸ½â€â¤ï¸â€ğŸ’‹â€ğŸ‘¨ğŸ¼,neutre
ğŸ‘¨ğŸ½â€â¤â€ğŸ’‹â€ğŸ‘¨ğŸ¼,positive
ğŸ‘¨ğŸ½â€â¤ï¸â€ğŸ’‹â€ğŸ‘¨ğŸ½,neutre
ğŸ‘¨ğŸ½â€â¤â€ğŸ’‹â€ğŸ‘¨ğŸ½,negative
ğŸ‘¨ğŸ½â€â¤ï¸â€ğŸ’‹â€ğŸ‘¨ğŸ¾,neutre
ğŸ‘¨ğŸ½â€â¤â€ğŸ’‹â€ğŸ‘¨ğŸ¾,positive
ğŸ‘¨ğŸ½â€â¤ï¸â€ğŸ’‹â€ğŸ‘¨ğŸ¿,neutre
ğŸ‘¨ğŸ½â€â¤â€ğŸ’‹â€ğŸ‘¨ğŸ¿,neutre
ğŸ‘¨ğŸ¾â€â¤ï¸â€ğŸ’‹â€ğŸ‘¨ğŸ»,neutre
ğŸ‘¨ğŸ¾â€â¤â€ğŸ’‹â€ğŸ‘¨ğŸ»,neutre
ğŸ‘¨ğŸ¾â€â¤ï¸â€ğŸ’‹â€ğŸ‘¨ğŸ¼,neutre
ğŸ‘¨ğŸ¾â€â¤â€ğŸ’‹â€ğŸ‘¨ğŸ¼,positive
ğŸ‘¨ğŸ¾â€â¤ï¸â€ğŸ’‹â€ğŸ‘¨ğŸ½,neutre
ğŸ‘¨ğŸ¾â€â¤â€ğŸ’‹â€ğŸ‘¨ğŸ½,neutre
ğŸ‘¨ğŸ¾â€â¤ï¸â€ğŸ’‹â€ğŸ‘¨ğŸ¾,neutre
ğŸ‘¨ğŸ¾â€â¤â€ğŸ’‹â€ğŸ‘¨ğŸ¾,neutre
ğŸ‘¨ğŸ¾â€â¤ï¸â€ğŸ’‹â€ğŸ‘¨ğŸ¿,neutre
ğŸ‘¨ğŸ¾â€â¤â€ğŸ’‹â€ğŸ‘¨ğŸ¿,positive
ğŸ‘¨ğŸ¿â€â¤ï¸â€ğŸ’‹â€ğŸ‘¨ğŸ»,positive
ğŸ‘¨ğŸ¿â€â¤â€ğŸ’‹â€ğŸ‘¨ğŸ»,neutre
ğŸ‘¨ğŸ¿â€â¤ï¸â€ğŸ’‹â€ğŸ‘¨ğŸ¼,positive
ğŸ‘¨ğŸ¿â€â¤â€ğŸ’‹â€ğŸ‘¨ğŸ¼,neutre
ğŸ‘¨ğŸ¿â€â¤ï¸â€ğŸ’‹â€ğŸ‘¨ğŸ½,neutre
ğŸ‘¨ğŸ¿â€â¤â€ğŸ’‹â€ğŸ‘¨ğŸ½,positive
ğŸ‘¨ğŸ¿â€â¤ï¸â€ğŸ’‹â€ğŸ‘¨ğŸ¾,neutre
ğŸ‘¨ğŸ¿â€â¤â€ğŸ’‹â€ğŸ‘¨ğŸ¾,positive
ğŸ‘¨ğŸ¿â€â¤ï¸â€ğŸ’‹â€ğŸ‘¨ğŸ¿,neutre
ğŸ‘¨ğŸ¿â€â¤â€ğŸ’‹â€ğŸ‘¨ğŸ¿,neutre
ğŸ‘©â€â¤â€ğŸ’‹â€ğŸ‘©,neutre
ğŸ‘©ğŸ»â€â¤ï¸â€ğŸ’‹â€ğŸ‘©ğŸ»,neutre
ğŸ‘©ğŸ»â€â¤â€ğŸ’‹â€ğŸ‘©ğŸ»,positive
ğŸ‘©ğŸ»â€â¤ï¸â€ğŸ’‹â€ğŸ‘©ğŸ¼,positive
ğŸ‘©ğŸ»â€â¤â€ğŸ’‹â€ğŸ‘©ğŸ¼,positive
ğŸ‘©ğŸ»â€â¤ï¸â€ğŸ’‹â€ğŸ‘©ğŸ½,positive
ğŸ‘©ğŸ»â€â¤â€ğŸ’‹â€ğŸ‘©ğŸ½,positive
ğŸ‘©ğŸ»â€â¤ï¸â€ğŸ’‹â€ğŸ‘©ğŸ¾,positive
ğŸ‘©ğŸ»â€â¤â€ğŸ’‹â€ğŸ‘©ğŸ¾,neutre
ğŸ‘©ğŸ»â€â¤ï¸â€ğŸ’‹â€ğŸ‘©ğŸ¿,positive
ğŸ‘©ğŸ»â€â¤â€ğŸ’‹â€ğŸ‘©ğŸ¿,positive
ğŸ‘©ğŸ¼â€â¤ï¸â€ğŸ’‹â€ğŸ‘©ğŸ»,neutre
ğŸ‘©ğŸ¼â€â¤â€ğŸ’‹â€ğŸ‘©ğŸ»,neutre
ğŸ‘©ğŸ¼â€â¤ï¸â€ğŸ’‹â€ğŸ‘©ğŸ¼,neutre
ğŸ‘©ğŸ¼â€â¤â€ğŸ’‹â€ğŸ‘©ğŸ¼,positive
ğŸ‘©ğŸ¼â€â¤ï¸â€ğŸ’‹â€ğŸ‘©ğŸ½,neutre
ğŸ‘©ğŸ¼â€â¤â€ğŸ’‹â€ğŸ‘©ğŸ½,positive
ğŸ‘©ğŸ¼â€â¤ï¸â€ğŸ’‹â€ğŸ‘©ğŸ¾,positive
ğŸ‘©ğŸ¼â€â¤â€ğŸ’‹â€ğŸ‘©ğŸ¾,neutre
ğŸ‘©ğŸ¼â€â¤ï¸â€ğŸ’‹â€ğŸ‘©ğŸ¿,neutre
ğŸ‘©ğŸ¼â€â¤â€ğŸ’‹â€ğŸ‘©ğŸ¿,positive
ğŸ‘©ğŸ½â€â¤ï¸â€ğŸ’‹â€ğŸ‘©ğŸ»,positive
ğŸ‘©ğŸ½â€â¤â€ğŸ’‹â€ğŸ‘©ğŸ»,neutre
ğŸ‘©ğŸ½â€â¤ï¸â€ğŸ’‹â€ğŸ‘©ğŸ¼,neutre
ğŸ‘©ğŸ½â€â¤â€ğŸ’‹â€ğŸ‘©ğŸ¼,positive
ğŸ‘©ğŸ½â€â¤ï¸â€ğŸ’‹â€ğŸ‘©ğŸ½,neutre
ğŸ‘©ğŸ½â€â¤â€ğŸ’‹â€ğŸ‘©ğŸ½,neutre
ğŸ‘©ğŸ½â€â¤ï¸â€ğŸ’‹â€ğŸ‘©ğŸ¾,positive
ğŸ‘©ğŸ½â€â¤â€ğŸ’‹â€ğŸ‘©ğŸ¾,neutre
ğŸ‘©ğŸ½â€â¤ï¸â€ğŸ’‹â€ğŸ‘©ğŸ¿,neutre
ğŸ‘©ğŸ½â€â¤â€ğŸ’‹â€ğŸ‘©ğŸ¿,neutre
ğŸ‘©ğŸ¾â€â¤ï¸â€ğŸ’‹â€ğŸ‘©ğŸ»,neutre
ğŸ‘©ğŸ¾â€â¤â€ğŸ’‹â€ğŸ‘©ğŸ»,negative
ğŸ‘©ğŸ¾â€â¤ï¸â€ğŸ’‹â€ğŸ‘©ğŸ¼,positive
ğŸ‘©ğŸ¾â€â¤â€ğŸ’‹â€ğŸ‘©ğŸ¼,neutre
ğŸ‘©ğŸ¾â€â¤ï¸â€ğŸ’‹â€ğŸ‘©ğŸ½,neutre
ğŸ‘©ğŸ¾â€â¤â€ğŸ’‹â€ğŸ‘©ğŸ½,neutre
ğŸ‘©ğŸ¾â€â¤ï¸â€ğŸ’‹â€ğŸ‘©ğŸ¾,neutre
ğŸ‘©ğŸ¾â€â¤â€ğŸ’‹â€ğŸ‘©ğŸ¾,neutre
ğŸ‘©ğŸ¾â€â¤ï¸â€ğŸ’‹â€ğŸ‘©ğŸ¿,neutre
ğŸ‘©ğŸ¾â€â¤â€ğŸ’‹â€ğŸ‘©ğŸ¿,positive
ğŸ‘©ğŸ¿â€â¤ï¸â€ğŸ’‹â€ğŸ‘©ğŸ»,neutre
ğŸ‘©ğŸ¿â€â¤â€ğŸ’‹â€ğŸ‘©ğŸ»,neutre
ğŸ‘©ğŸ¿â€â¤ï¸â€ğŸ’‹â€ğŸ‘©ğŸ¼,neutre
ğŸ‘©ğŸ¿â€â¤â€ğŸ’‹â€ğŸ‘©ğŸ¼,neutre
ğŸ‘©ğŸ¿â€â¤ï¸â€ğŸ’‹â€ğŸ‘©ğŸ½,neutre
ğŸ‘©ğŸ¿â€â¤â€ğŸ’‹â€ğŸ‘©ğŸ½,positive
ğŸ‘©ğŸ¿â€â¤ï¸â€ğŸ’‹â€ğŸ‘©ğŸ¾,neutre
ğŸ‘©ğŸ¿â€â¤â€ğŸ’‹â€ğŸ‘©ğŸ¾,neutre
ğŸ‘©ğŸ¿â€â¤ï¸â€ğŸ’‹â€ğŸ‘©ğŸ¿,neutre
ğŸ‘©ğŸ¿â€â¤â€ğŸ’‹â€ğŸ‘©ğŸ¿,neutre
ğŸ’‘ğŸ»,neutre
ğŸ’‘ğŸ¼,neutre
ğŸ’‘ğŸ½,neutre
ğŸ’‘ğŸ¾,positive
ğŸ’‘ğŸ¿,neutre
ğŸ§‘ğŸ»â€â¤ï¸â€ğŸ§‘ğŸ¼,positive
ğŸ§‘ğŸ»â€â¤â€ğŸ§‘ğŸ¼,positive
ğŸ§‘ğŸ»â€â¤ï¸â€ğŸ§‘ğŸ½,positive
ğŸ§‘ğŸ»â€â¤â€ğŸ§‘ğŸ½,neutre
ğŸ§‘ğŸ»â€â¤ï¸â€ğŸ§‘ğŸ¾,neutre
ğŸ§‘ğŸ»â€â¤â€ğŸ§‘ğŸ¾,neutre
ğŸ§‘ğŸ»â€â¤ï¸â€ğŸ§‘ğŸ¿,neutre
ğŸ§‘ğŸ»â€â¤â€ğŸ§‘ğŸ¿,neutre
ğŸ§‘ğŸ¼â€â¤ï¸â€ğŸ§‘ğŸ»,neutre
ğŸ§‘ğŸ¼â€â¤â€ğŸ§‘ğŸ»,neutre
ğŸ§‘ğŸ¼â€â¤ï¸â€ğŸ§‘ğŸ½,positive
ğŸ§‘ğŸ¼â€â¤â€ğŸ§‘ğŸ½,neutre
ğŸ§‘ğŸ¼â€â¤ï¸â€ğŸ§‘ğŸ¾,positive
ğŸ§‘ğŸ¼â€â¤â€ğŸ§‘ğŸ¾,neutre
ğŸ§‘ğŸ¼â€â¤ï¸â€ğŸ§‘ğŸ¿,positive
ğŸ§‘ğŸ¼â€â¤â€ğŸ§‘ğŸ¿,negative
ğŸ§‘ğŸ½â€â¤ï¸â€ğŸ§‘ğŸ»,positive
ğŸ§‘ğŸ½â€â¤â€ğŸ§‘ğŸ»,positive
ğŸ§‘ğŸ½â€â¤ï¸â€ğŸ§‘ğŸ¼,positive
ğŸ§‘ğŸ½â€â¤â€ğŸ§‘ğŸ¼,neutre
ğŸ§‘ğŸ½â€â¤ï¸â€ğŸ§‘ğŸ¾,positive
ğŸ§‘ğŸ½â€â¤â€ğŸ§‘ğŸ¾,neutre
ğŸ§‘ğŸ½â€â¤ï¸â€ğŸ§‘ğŸ¿,neutre
ğŸ§‘ğŸ½â€â¤â€ğŸ§‘ğŸ¿,positive
ğŸ§‘ğŸ¾â€â¤ï¸â€ğŸ§‘ğŸ»,positive
ğŸ§‘ğŸ¾â€â¤â€ğŸ§‘ğŸ»,positive
ğŸ§‘ğŸ¾â€â¤ï¸â€ğŸ§‘ğŸ¼,neutre
ğŸ§‘ğŸ¾â€â¤â€ğŸ§‘ğŸ¼,positive
ğŸ§‘ğŸ¾â€â¤ï¸â€ğŸ§‘ğŸ½,neutre
ğŸ§‘ğŸ¾â€â¤â€ğŸ§‘ğŸ½,neutre
ğŸ§‘ğŸ¾â€â¤ï¸â€ğŸ§‘ğŸ¿,positive
ğŸ§‘ğŸ¾â€â¤â€ğŸ§‘ğŸ¿,neutre
ğŸ§‘ğŸ¿â€â¤ï¸â€ğŸ§‘ğŸ»,positive
ğŸ§‘ğŸ¿â€â¤â€ğŸ§‘ğŸ»,positive
ğŸ§‘ğŸ¿â€â¤ï¸â€ğŸ§‘ğŸ¼,neutre
ğŸ§‘ğŸ¿â€â¤â€ğŸ§‘ğŸ¼,positive
ğŸ§‘ğŸ¿â€â¤ï¸â€ğŸ§‘ğŸ½,neutre
ğŸ§‘ğŸ¿â€â¤â€ğŸ§‘ğŸ½,neutre
ğŸ§‘ğŸ¿â€â¤ï¸â€ğŸ§‘ğŸ¾,neutre
ğŸ§‘ğŸ¿â€â¤â€ğŸ§‘ğŸ¾,positive
ğŸ‘©â€â¤â€ğŸ‘¨,positive
ğŸ‘©ğŸ»â€â¤ï¸â€ğŸ‘¨ğŸ»,neutre
ğŸ‘©ğŸ»â€â¤â€ğŸ‘¨ğŸ»,neutre
ğŸ‘©ğŸ»â€â¤ï¸â€ğŸ‘¨ğŸ¼,neutre
ğŸ‘©ğŸ»â€â¤â€ğŸ‘¨ğŸ¼,positive
ğŸ‘©ğŸ»â€â¤ï¸â€ğŸ‘¨ğŸ½,neutre
ğŸ‘©ğŸ»â€â¤â€ğŸ‘¨ğŸ½,neutre
ğŸ‘©ğŸ»â€â¤ï¸â€ğŸ‘¨ğŸ¾,neutre
ğŸ‘©ğŸ»â€â¤â€ğŸ‘¨ğŸ¾,neutre
ğŸ‘©ğŸ»â€â¤ï¸â€ğŸ‘¨ğŸ¿,neutre
ğŸ‘©ğŸ»â€â¤â€ğŸ‘¨ğŸ¿,positive
ğŸ‘©ğŸ¼â€â¤ï¸â€ğŸ‘¨ğŸ»,neutre
ğŸ‘©ğŸ¼â€â¤â€ğŸ‘¨ğŸ»,neutre
ğŸ‘©ğŸ¼â€â¤ï¸â€ğŸ‘¨ğŸ¼,neutre
ğŸ‘©ğŸ¼â€â¤â€ğŸ‘¨ğŸ¼,negative
ğŸ‘©ğŸ¼â€â¤ï¸â€ğŸ‘¨ğŸ½,neutre
ğŸ‘©ğŸ¼â€â¤â€ğŸ‘¨ğŸ½,neutre
ğŸ‘©ğŸ¼â€â¤ï¸â€ğŸ‘¨ğŸ¾,neutre
ğŸ‘©ğŸ¼â€â¤â€ğŸ‘¨ğŸ¾,neutre
ğŸ‘©ğŸ¼â€â¤ï¸â€ğŸ‘¨ğŸ¿,neutre
ğŸ‘©ğŸ¼â€â¤â€ğŸ‘¨ğŸ¿,neutre
ğŸ‘©ğŸ½â€â¤ï¸â€ğŸ‘¨ğŸ»,positive
ğŸ‘©ğŸ½â€â¤â€ğŸ‘¨ğŸ»,neutre
ğŸ‘©ğŸ½â€â¤ï¸â€ğŸ‘¨ğŸ¼,neutre
ğŸ‘©ğŸ½â€â¤â€ğŸ‘¨ğŸ¼,neutre
ğŸ‘©ğŸ½â€â¤ï¸â€ğŸ‘¨ğŸ½,neutre
ğŸ‘©ğŸ½â€â¤â€ğŸ‘¨ğŸ½,positive
ğŸ‘©ğŸ½â€â¤ï¸â€ğŸ‘¨ğŸ¾,neutre
ğŸ‘©ğŸ½â€â¤â€ğŸ‘¨ğŸ¾,positive
ğŸ‘©ğŸ½â€â¤ï¸â€ğŸ‘¨ğŸ¿,neutre
ğŸ‘©ğŸ½â€â¤â€ğŸ‘¨ğŸ¿,neutre
ğŸ‘©ğŸ¾â€â¤ï¸â€ğŸ‘¨ğŸ»,positive
ğŸ‘©ğŸ¾â€â¤â€ğŸ‘¨ğŸ»,neutre
ğŸ‘©ğŸ¾â€â¤ï¸â€ğŸ‘¨ğŸ¼,positive
ğŸ‘©ğŸ¾â€â¤â€ğŸ‘¨ğŸ¼,neutre
ğŸ‘©ğŸ¾â€â¤ï¸â€ğŸ‘¨ğŸ½,neutre
ğŸ‘©ğŸ¾â€â¤â€ğŸ‘¨ğŸ½,neutre
ğŸ‘©ğŸ¾â€â¤ï¸â€ğŸ‘¨ğŸ¾,neutre
ğŸ‘©ğŸ¾â€â¤â€ğŸ‘¨ğŸ¾,neutre
ğŸ‘©ğŸ¾â€â¤ï¸â€ğŸ‘¨ğŸ¿,neutre
ğŸ‘©ğŸ¾â€â¤â€ğŸ‘¨ğŸ¿,neutre
ğŸ‘©ğŸ¿â€â¤ï¸â€ğŸ‘¨ğŸ»,neutre
ğŸ‘©ğŸ¿â€â¤â€ğŸ‘¨ğŸ»,neutre
ğŸ‘©ğŸ¿â€â¤ï¸â€ğŸ‘¨ğŸ¼,neutre
ğŸ‘©ğŸ¿â€â¤â€ğŸ‘¨ğŸ¼,neutre
ğŸ‘©ğŸ¿â€â¤ï¸â€ğŸ‘¨ğŸ½,positive
ğŸ‘©ğŸ¿â€â¤â€ğŸ‘¨ğŸ½,neutre
ğŸ‘©ğŸ¿â€â¤ï¸â€ğŸ‘¨ğŸ¾,positive
ğŸ‘©ğŸ¿â€â¤â€ğŸ‘¨ğŸ¾,neutre
ğŸ‘©ğŸ¿â€â¤ï¸â€ğŸ‘¨ğŸ¿,positive
ğŸ‘©ğŸ¿â€â¤â€ğŸ‘¨ğŸ¿,neutre
ğŸ‘¨â€â¤â€ğŸ‘¨,positive
ğŸ‘¨ğŸ»â€â¤ï¸â€ğŸ‘¨ğŸ»,neutre
ğŸ‘¨ğŸ»â€â¤â€ğŸ‘¨ğŸ»,neutre
ğŸ‘¨ğŸ»â€â¤ï¸â€ğŸ‘¨ğŸ¼,neutre
ğŸ‘¨ğŸ»â€â¤â€ğŸ‘¨ğŸ¼,neutre
ğŸ‘¨ğŸ»â€â¤ï¸â€ğŸ‘¨ğŸ½,positive
ğŸ‘¨ğŸ»â€â¤â€ğŸ‘¨ğŸ½,neutre
ğŸ‘¨ğŸ»â€â¤ï¸â€ğŸ‘¨ğŸ¾,neutre
ğŸ‘¨ğŸ»â€â¤â€ğŸ‘¨ğŸ¾,neutre
ğŸ‘¨ğŸ»â€â¤ï¸â€ğŸ‘¨ğŸ¿,neutre
ğŸ‘¨ğŸ»â€â¤â€ğŸ‘¨ğŸ¿,positive
ğŸ‘¨ğŸ¼â€â¤ï¸â€ğŸ‘¨ğŸ»,neutre
ğŸ‘¨ğŸ¼â€â¤â€ğŸ‘¨ğŸ»,neutre
ğŸ‘¨ğŸ¼â€â¤ï¸â€ğŸ‘¨ğŸ¼,neutre
ğŸ‘¨ğŸ¼â€â¤â€ğŸ‘¨ğŸ¼,positive
ğŸ‘¨ğŸ¼â€â¤ï¸â€ğŸ‘¨ğŸ½,neutre
ğŸ‘¨ğŸ¼â€â¤â€ğŸ‘¨ğŸ½,positive
ğŸ‘¨ğŸ¼â€â¤ï¸â€ğŸ‘¨ğŸ¾,neutre
ğŸ‘¨ğŸ¼â€â¤â€ğŸ‘¨ğŸ¾,neutre
ğŸ‘¨ğŸ¼â€â¤ï¸â€ğŸ‘¨ğŸ¿,neutre
ğŸ‘¨ğŸ¼â€â¤â€ğŸ‘¨ğŸ¿,neutre
ğŸ‘¨ğŸ½â€â¤ï¸â€ğŸ‘¨ğŸ»,neutre
ğŸ‘¨ğŸ½â€â¤â€ğŸ‘¨ğŸ»,positive
ğŸ‘¨ğŸ½â€â¤ï¸â€ğŸ‘¨ğŸ¼,neutre
ğŸ‘¨ğŸ½â€â¤â€ğŸ‘¨ğŸ¼,neutre
ğŸ‘¨ğŸ½â€â¤ï¸â€ğŸ‘¨ğŸ½,positive
ğŸ‘¨ğŸ½â€â¤â€ğŸ‘¨ğŸ½,positive
ğŸ‘¨ğŸ½â€â¤ï¸â€ğŸ‘¨ğŸ¾,neutre
ğŸ‘¨ğŸ½â€â¤â€ğŸ‘¨ğŸ¾,neutre
ğŸ‘¨ğŸ½â€â¤ï¸â€ğŸ‘¨ğŸ¿,positive
ğŸ‘¨ğŸ½â€â¤â€ğŸ‘¨ğŸ¿,positive
ğŸ‘¨ğŸ¾â€â¤ï¸â€ğŸ‘¨ğŸ»,neutre
ğŸ‘¨ğŸ¾â€â¤â€ğŸ‘¨ğŸ»,neutre
ğŸ‘¨ğŸ¾â€â¤ï¸â€ğŸ‘¨ğŸ¼,negative
ğŸ‘¨ğŸ¾â€â¤â€ğŸ‘¨ğŸ¼,neutre
ğŸ‘¨ğŸ¾â€â¤ï¸â€ğŸ‘¨ğŸ½,positive
ğŸ‘¨ğŸ¾â€â¤â€ğŸ‘¨ğŸ½,positive
ğŸ‘¨ğŸ¾â€â¤ï¸â€ğŸ‘¨ğŸ¾,neutre
ğŸ‘¨ğŸ¾â€â¤â€ğŸ‘¨ğŸ¾,neutre
ğŸ‘¨ğŸ¾â€â¤ï¸â€ğŸ‘¨ğŸ¿,neutre
ğŸ‘¨ğŸ¾â€â¤â€ğŸ‘¨ğŸ¿,positive
ğŸ‘¨ğŸ¿â€â¤ï¸â€ğŸ‘¨ğŸ»,positive
ğŸ‘¨ğŸ¿â€â¤â€ğŸ‘¨ğŸ»,neutre
ğŸ‘¨ğŸ¿â€â¤ï¸â€ğŸ‘¨ğŸ¼,neutre
ğŸ‘¨ğŸ¿â€â¤â€ğŸ‘¨ğŸ¼,neutre
ğŸ‘¨ğŸ¿â€â¤ï¸â€ğŸ‘¨ğŸ½,neutre
ğŸ‘¨ğŸ¿â€â¤â€ğŸ‘¨ğŸ½,neutre
ğŸ‘¨ğŸ¿â€â¤ï¸â€ğŸ‘¨ğŸ¾,positive
ğŸ‘¨ğŸ¿â€â¤â€ğŸ‘¨ğŸ¾,positive
ğŸ‘¨ğŸ¿â€â¤ï¸â€ğŸ‘¨ğŸ¿,neutre
ğŸ‘¨ğŸ¿â€â¤â€ğŸ‘¨ğŸ¿,neutre
ğŸ‘©â€â¤â€ğŸ‘©,positive
ğŸ‘©ğŸ»â€â¤ï¸â€ğŸ‘©ğŸ»,positive
ğŸ‘©ğŸ»â€â¤â€ğŸ‘©ğŸ»,neutre
ğŸ‘©ğŸ»â€â¤ï¸â€ğŸ‘©ğŸ¼,neutre
ğŸ‘©ğŸ»â€â¤â€ğŸ‘©ğŸ¼,positive
ğŸ‘©ğŸ»â€â¤ï¸â€ğŸ‘©ğŸ½,neutre
ğŸ‘©ğŸ»â€â¤â€ğŸ‘©ğŸ½,positive
ğŸ‘©ğŸ»â€â¤ï¸â€ğŸ‘©ğŸ¾,neutre
ğŸ‘©ğŸ»â€â¤â€ğŸ‘©ğŸ¾,positive
ğŸ‘©ğŸ»â€â¤ï¸â€ğŸ‘©ğŸ¿,neutre
ğŸ‘©ğŸ»â€â¤â€ğŸ‘©ğŸ¿,neutre
ğŸ‘©ğŸ¼â€â¤ï¸â€ğŸ‘©ğŸ»,neutre
ğŸ‘©ğŸ¼â€â¤â€ğŸ‘©ğŸ»,neutre
ğŸ‘©ğŸ¼â€â¤ï¸â€ğŸ‘©ğŸ¼,neutre
ğŸ‘©ğŸ¼â€â¤â€ğŸ‘©ğŸ¼,neutre
ğŸ‘©ğŸ¼â€â¤ï¸â€ğŸ‘©ğŸ½,positive
ğŸ‘©ğŸ¼â€â¤â€ğŸ‘©ğŸ½,neutre
ğŸ‘©ğŸ¼â€â¤ï¸â€ğŸ‘©ğŸ¾,neutre
ğŸ‘©ğŸ¼â€â¤â€ğŸ‘©ğŸ¾,neutre
ğŸ‘©ğŸ¼â€â¤ï¸â€ğŸ‘©ğŸ¿,neutre
ğŸ‘©ğŸ¼â€â¤â€ğŸ‘©ğŸ¿,neutre
ğŸ‘©ğŸ½â€â¤ï¸â€ğŸ‘©ğŸ»,neutre
ğŸ‘©ğŸ½â€â¤â€ğŸ‘©ğŸ»,neutre
ğŸ‘©ğŸ½â€â¤ï¸â€ğŸ‘©ğŸ¼,positive
ğŸ‘©ğŸ½â€â¤â€ğŸ‘©ğŸ¼,positive
ğŸ‘©ğŸ½â€â¤ï¸â€ğŸ‘©ğŸ½,neutre
ğŸ‘©ğŸ½â€â¤â€ğŸ‘©ğŸ½,neutre
ğŸ‘©ğŸ½â€â¤ï¸â€ğŸ‘©ğŸ¾,neutre
ğŸ‘©ğŸ½â€â¤â€ğŸ‘©ğŸ¾,positive
ğŸ‘©ğŸ½â€â¤ï¸â€ğŸ‘©ğŸ¿,neutre
ğŸ‘©ğŸ½â€â¤â€ğŸ‘©ğŸ¿,neutre
ğŸ‘©ğŸ¾â€â¤ï¸â€ğŸ‘©ğŸ»,neutre
ğŸ‘©ğŸ¾â€â¤â€ğŸ‘©ğŸ»,neutre
ğŸ‘©ğŸ¾â€â¤ï¸â€ğŸ‘©ğŸ¼,neutre
ğŸ‘©ğŸ¾â€â¤â€ğŸ‘©ğŸ¼,neutre
ğŸ‘©ğŸ¾â€â¤ï¸â€ğŸ‘©ğŸ½,neutre
ğŸ‘©ğŸ¾â€â¤â€ğŸ‘©ğŸ½,neutre
ğŸ‘©ğŸ¾â€â¤ï¸â€ğŸ‘©ğŸ¾,positive
ğŸ‘©ğŸ¾â€â¤â€ğŸ‘©ğŸ¾,neutre
ğŸ‘©ğŸ¾â€â¤ï¸â€ğŸ‘©ğŸ¿,positive
ğŸ‘©ğŸ¾â€â¤â€ğŸ‘©ğŸ¿,neutre
ğŸ‘©ğŸ¿â€â¤ï¸â€ğŸ‘©ğŸ»,neutre
ğŸ‘©ğŸ¿â€â¤â€ğŸ‘©ğŸ»,neutre
ğŸ‘©ğŸ¿â€â¤ï¸â€ğŸ‘©ğŸ¼,positive
ğŸ‘©ğŸ¿â€â¤â€ğŸ‘©ğŸ¼,positive
ğŸ‘©ğŸ¿â€â¤ï¸â€ğŸ‘©ğŸ½,neutre
ğŸ‘©ğŸ¿â€â¤â€ğŸ‘©ğŸ½,positive
ğŸ‘©ğŸ¿â€â¤ï¸â€ğŸ‘©ğŸ¾,neutre
ğŸ‘©ğŸ¿â€â¤â€ğŸ‘©ğŸ¾,neutre
ğŸ‘©ğŸ¿â€â¤ï¸â€ğŸ‘©ğŸ¿,neutre
ğŸ‘©ğŸ¿â€â¤â€ğŸ‘©ğŸ¿,positive
ğŸ—£ï¸,neutre
ğŸ§‘â€ğŸ§‘â€ğŸ§’,neutre
ğŸ§‘â€ğŸ§‘â€ğŸ§’â€ğŸ§’,neutre
ğŸ§‘â€ğŸ§’,neutre
ğŸ§‘â€ğŸ§’â€ğŸ§’,neutre
ğŸ»,neutre
ğŸ¼,neutre
ğŸ½,positive
ğŸ¾,negative
ğŸ¿,neutre
ğŸ«,neutre
ğŸ«,neutre
ğŸ¿ï¸,neutre
ğŸ»â€â„,neutre
ğŸ•Šï¸,positive
ğŸª½,positive
ğŸ¦â€â¬›,positive
ğŸª¿,neutre
ğŸ¦â€ğŸ”¥,neutre
ğŸª¸,neutre
ğŸª¼,neutre
ğŸ•·ï¸,neutre
ğŸ•¸ï¸,neutre
ğŸª·,positive
ğŸµï¸,positive
ğŸª»,positive
â˜˜ï¸,neutre
ğŸª¹,neutre
ğŸªº,neutre
ğŸ‹â€ğŸŸ©,positive
ğŸŒ¶ï¸,neutre
ğŸ«˜,neutre
ğŸ«š,positive
ğŸ«›,positive
ğŸ„â€ğŸŸ«,neutre
ğŸ«—,neutre
ğŸ½ï¸,neutre
ğŸ«™,neutre
ğŸ—ºï¸,neutre
ğŸ”ï¸,neutre
â›°ï¸,positive
ğŸ•ï¸,positive
ğŸ–ï¸,neutre
ğŸœï¸,neutre
ğŸï¸,negative
ğŸï¸,neutre
ğŸŸï¸,positive
ğŸ›ï¸,neutre
ğŸ—ï¸,neutre
ğŸ˜ï¸,neutre
ğŸšï¸,negative
â›©ï¸,neutre
ğŸ™ï¸,neutre
â™¨ï¸,neutre
ğŸ›,neutre
ğŸï¸,positive
ğŸï¸,positive
ğŸ›£ï¸,neutre
ğŸ›¤ï¸,neutre
ğŸ›¢ï¸,neutre
ğŸ›,neutre
ğŸ›Ÿ,positive
ğŸ›³ï¸,neutre
â›´ï¸,positive
ğŸ›¥ï¸,positive
âœˆï¸,negative
ğŸ›©ï¸,neutre
ğŸ›°ï¸,neutre
ğŸ›ï¸,positive
â±ï¸,neutre
â²ï¸,neutre
ğŸ•°ï¸,neutre
ğŸŒ¡ï¸,neutre
â˜€ï¸,neutre
â˜ï¸,negative
â›ˆï¸,neutre
ğŸŒ¤ï¸,positive
ğŸŒ¥ï¸,neutre
ğŸŒ¦ï¸,positive
ğŸŒ§ï¸,neutre
ğŸŒ¨ï¸,negative
ğŸŒ©ï¸,neutre
ğŸŒªï¸,negative
ğŸŒ«ï¸,neutre
ğŸŒ¬ï¸,neutre
â˜‚ï¸,neutre
â›±ï¸,positive
â„ï¸,neutre
â˜ƒï¸,neutre
â˜„ï¸,neutre
ğŸ—ï¸,positive
ğŸŸï¸,positive
ğŸ–ï¸,neutre
â›¸ï¸,neutre
ğŸ•¹ï¸,neutre
ğŸª©,positive
â™ ï¸,neutre
â™¥ï¸,positive
â™¦ï¸,neutre
â™£ï¸,neutre
â™Ÿï¸,positive
ğŸ–¼ï¸,positive
ğŸ•¶ï¸,positive
ğŸª­,neutre
ğŸ›ï¸,neutre
ğŸª®,neutre
â›‘ï¸,neutre
ğŸ™ï¸,neutre
ğŸšï¸,neutre
ğŸ›ï¸,neutre
ğŸª‡,neutre
ğŸªˆ,neutre
â˜ï¸,neutre
ğŸª«,neutre
ğŸ–¥ï¸,neutre
ğŸ–¨ï¸,positive
âŒ¨ï¸,neutre
ğŸ–±ï¸,neutre
ğŸ–²ï¸,neutre
ğŸï¸,neutre
ğŸ“½ï¸,neutre
ğŸ•¯ï¸,neutre
ğŸ—ï¸,neutre
ğŸ·ï¸,neutre
âœ‰ï¸,neutre
ğŸ—³ï¸,neutre
âœï¸,neutre
âœ’ï¸,neutre
ğŸ–‹ï¸,neutre
ğŸ–Šï¸,neutre
ğŸ–Œï¸,neutre
ğŸ–ï¸,neutre
ğŸ—‚ï¸,positive
ğŸ—’ï¸,neutre
ğŸ—“ï¸,neutre
ğŸ–‡ï¸,neutre
âœ‚ï¸,neutre
ğŸ—ƒï¸,neutre
ğŸ—„ï¸,neutre
ğŸ—‘ï¸,neutre
ğŸ—ï¸,neutre
â›ï¸,neutre
âš’ï¸,positive
ğŸ› ï¸,neutre
ğŸ—¡ï¸,neutre
âš”ï¸,neutre
ğŸ›¡ï¸,neutre
âš™ï¸,neutre
ğŸ—œï¸,neutre
âš–ï¸,neutre
â›“ï¸â€ğŸ’¥,neutre
â›“â€ğŸ’¥,neutre
â›“ï¸,neutre
âš—ï¸,neutre
ğŸ©¼,neutre
ğŸ©»,neutre
ğŸ›ï¸,neutre
ğŸ›‹ï¸,neutre
ğŸ«§,positive
âš°ï¸,neutre
âš±ï¸,neutre
ğŸª¬,neutre
ğŸªª,neutre
âš ï¸,negative
â˜¢ï¸,negative
â˜£ï¸,negative
â¬†ï¸,neutre
â†—ï¸,neutre
â¡ï¸,neutre
â†˜ï¸,neutre
â¬‡ï¸,neutre
â†™ï¸,neutre
â¬…ï¸,neutre
â†–ï¸,neutre
â†•ï¸,neutre
â†”ï¸,neutre
â†©ï¸,neutre
â†ªï¸,neutre
â¤´ï¸,neutre
â¤µï¸,neutre
âš›ï¸,positive
ğŸ•‰ï¸,neutre
âœ¡ï¸,neutre
â˜¸ï¸,neutre
â˜¯ï¸,neutre
âœï¸,neutre
â˜¦ï¸,neutre
â˜ªï¸,neutre
â˜®ï¸,positive
ğŸª¯,neutre
â–¶ï¸,neutre
â­ï¸,neutre
â¯ï¸,neutre
â—€ï¸,neutre
â®ï¸,neutre
â¸ï¸,neutre
â¹ï¸,neutre
âºï¸,neutre
âï¸,neutre
ğŸ›œ,neutre
â™€ï¸,neutre
â™‚ï¸,neutre
âš§ï¸,neutre
âœ–ï¸,neutre
ğŸŸ°,neutre
â™¾ï¸,neutre
â€¼ï¸,neutre
â‰ï¸,neutre
ã€°ï¸,neutre
âš•ï¸,neutre
â™»ï¸,neutre
âšœï¸,neutre
â˜‘ï¸,neutre
âœ”ï¸,positive
ã€½ï¸,neutre
âœ³ï¸,positive
âœ´ï¸,neutre
â‡ï¸,positive
Â©ï¸,positive
Â®ï¸,neutre
â„¢ï¸,neutre
0âƒ£,neutre
1âƒ£,positive
2âƒ£,positive
3âƒ£,neutre
4âƒ£,neutre
5âƒ£,positive
6âƒ£,positive
7âƒ£,positive
8âƒ£,positive
9âƒ£,positive
ğŸ…°ï¸,neutre
ğŸ…±ï¸,positive
â„¹ï¸,neutre
â“‚ï¸,neutre
ğŸ…¾ï¸,neutre
ğŸ…¿ï¸,positive
ğŸˆ‚ï¸,positive
ğŸˆ·ï¸,neutre
ãŠ—ï¸,positive
ãŠ™ï¸,positive
â—¼ï¸,positive
â—»ï¸,positive
â–ªï¸,positive
â–«ï¸,positive
ğŸ³ï¸,neutre
ğŸ³â€ğŸŒˆ,negative
ğŸ³â€âš§ï¸,negative
ğŸ³ï¸â€âš§,negative
ğŸ³â€âš§,negative
ğŸ´â€â˜ ,negative
ğŸ‡¬ğŸ‡¶,neutre
ğŸ‡°ğŸ‡³,neutre
ğŸ‡°ğŸ‡µ,negative